Asset name,Source URL,License,Attribution required?,File format downloaded,Approximate polygon/triangle count,One-line description,Folder/category,File path
kenney furniture-kit bathroomCabinet,https://kenney.nl/assets/furniture-kit,CC0 1.0,N,DAE,Not stated,"Furniture kit: chairs, tables, beds, cabinets and interior props.",Furniture,/home/ubuntu/BOPLUX_assets/Furniture/kenney_furniture-kit_bathroomCabinet.dae
kenney furniture-kit bathroomCabinetDrawer,https://kenney.nl/assets/furniture-kit,CC0 1.0,N,DAE,Not stated,"Furniture kit: chairs, tables, beds, cabinets and interior props.",Furniture,/home/ubuntu/BOPLUX_assets/Furniture/kenney_furniture-kit_bathroomCabinetDrawer.dae
kenney furniture-kit bathroomMirror,https://kenney.nl/assets/furniture-kit,CC0 1.0,N,DAE,Not stated,"Furniture kit: chairs, tables, beds, cabinets and interior props.",Miscellaneous,/home/ubuntu/BOPLUX_assets/Miscellaneous/kenney_furniture-kit_bathroomMirror.dae
kenney furniture-kit bathroomSink,https://kenney.nl/assets/furniture-kit,CC0 1.0,N,DAE,Not stated,"Furniture kit: chairs, tables, beds, cabinets and interior props.",Miscellaneous,/home/ubuntu/BOPLUX_assets/Miscellaneous/kenney_furniture-kit_bathroomSink.dae
kenney furniture-kit bathroomSinkSquare,https://kenney.nl/assets/furniture-kit,CC0 1.0,N,DAE,Not stated,"Furniture kit: chairs, tables, beds, cabinets and interior props.",Miscellaneous,/home/ubuntu/BOPLUX_assets/Miscellaneous/kenney_furniture-kit_bathroomSinkSquare.dae
kenney furniture-kit bathtub,https://kenney.nl/assets/furniture-kit,CC0 1.0,N,DAE,Not stated,"Furniture kit: chairs, tables, beds, cabinets and interior props.",Miscellaneous,/home/ubuntu/BOPLUX_assets/Miscellaneous/kenney_furniture-kit_bathtub.dae
kenney furniture-kit bear,https://kenney.nl/assets/furniture-kit,CC0 1.0,N,DAE,Not stated,"Furniture kit: chairs, tables, beds, cabinets and interior props.",Miscellaneous,/home/ubuntu/BOPLUX_assets/Miscellaneous/kenney_furniture-kit_bear.dae
kenney furniture-kit bedBunk,https://kenney.nl/assets/furniture-kit,CC0 1.0,N,DAE,Not stated,"Furniture kit: chairs, tables, beds, cabinets and interior props.",Furniture,/home/ubuntu/BOPLUX_assets/Furniture/kenney_furniture-kit_bedBunk.dae
kenney furniture-kit bedDouble,https://kenney.nl/assets/furniture-kit,CC0 1.0,N,DAE,Not stated,"Furniture kit: chairs, tables, beds, cabinets and interior props.",Furniture,/home/ubuntu/BOPLUX_assets/Furniture/kenney_furniture-kit_bedDouble.dae
kenney furniture-kit bedSingle,https://kenney.nl/assets/furniture-kit,CC0 1.0,N,DAE,Not stated,"Furniture kit: chairs, tables, beds, cabinets and interior props.",Furniture,/home/ubuntu/BOPLUX_assets/Furniture/kenney_furniture-kit_bedSingle.dae
kenney furniture-kit bench,https://kenney.nl/assets/furniture-kit,CC0 1.0,N,DAE,Not stated,"Furniture kit: chairs, tables, beds, cabinets and interior props.",Furniture,/home/ubuntu/BOPLUX_assets/Furniture/kenney_furniture-kit_bench.dae
kenney furniture-kit benchCushion,https://kenney.nl/assets/furniture-kit,CC0 1.0,N,DAE,Not stated,"Furniture kit: chairs, tables, beds, cabinets and interior props.",Furniture,/home/ubuntu/BOPLUX_assets/Furniture/kenney_furniture-kit_benchCushion.dae
kenney furniture-kit benchCushionLow,https://kenney.nl/assets/furniture-kit,CC0 1.0,N,DAE,Not stated,"Furniture kit: chairs, tables, beds, cabinets and interior props.",Furniture,/home/ubuntu/BOPLUX_assets/Furniture/kenney_furniture-kit_benchCushionLow.dae
kenney furniture-kit bookcaseClosed,https://kenney.nl/assets/furniture-kit,CC0 1.0,N,DAE,Not stated,"Furniture kit: chairs, tables, beds, cabinets and interior props.",Miscellaneous,/home/ubuntu/BOPLUX_assets/Miscellaneous/kenney_furniture-kit_bookcaseClosed.dae
kenney furniture-kit bookcaseClosedDoors,https://kenney.nl/assets/furniture-kit,CC0 1.0,N,DAE,Not stated,"Furniture kit: chairs, tables, beds, cabinets and interior props.",Structural_Kit,/home/ubuntu/BOPLUX_assets/Structural_Kit/kenney_furniture-kit_bookcaseClosedDoors.dae
kenney furniture-kit bookcaseClosedWide,https://kenney.nl/assets/furniture-kit,CC0 1.0,N,DAE,Not stated,"Furniture kit: chairs, tables, beds, cabinets and interior props.",Miscellaneous,/home/ubuntu/BOPLUX_assets/Miscellaneous/kenney_furniture-kit_bookcaseClosedWide.dae
kenney furniture-kit bookcaseOpen,https://kenney.nl/assets/furniture-kit,CC0 1.0,N,DAE,Not stated,"Furniture kit: chairs, tables, beds, cabinets and interior props.",Miscellaneous,/home/ubuntu/BOPLUX_assets/Miscellaneous/kenney_furniture-kit_bookcaseOpen.dae
kenney furniture-kit bookcaseOpenLow,https://kenney.nl/assets/furniture-kit,CC0 1.0,N,DAE,Not stated,"Furniture kit: chairs, tables, beds, cabinets and interior props.",Miscellaneous,/home/ubuntu/BOPLUX_assets/Miscellaneous/kenney_furniture-kit_bookcaseOpenLow.dae
kenney furniture-kit books,https://kenney.nl/assets/furniture-kit,CC0 1.0,N,DAE,Not stated,"Furniture kit: chairs, tables, beds, cabinets and interior props.",Miscellaneous,/home/ubuntu/BOPLUX_assets/Miscellaneous/kenney_furniture-kit_books.dae
kenney furniture-kit cabinetBed,https://kenney.nl/assets/furniture-kit,CC0 1.0,N,DAE,Not stated,"Furniture kit: chairs, tables, beds, cabinets and interior props.",Furniture,/home/ubuntu/BOPLUX_assets/Furniture/kenney_furniture-kit_cabinetBed.dae
kenney furniture-kit cabinetBedDrawer,https://kenney.nl/assets/furniture-kit,CC0 1.0,N,DAE,Not stated,"Furniture kit: chairs, tables, beds, cabinets and interior props.",Furniture,/home/ubuntu/BOPLUX_assets/Furniture/kenney_furniture-kit_cabinetBedDrawer.dae
kenney furniture-kit cabinetBedDrawerTable,https://kenney.nl/assets/furniture-kit,CC0 1.0,N,DAE,Not stated,"Furniture kit: chairs, tables, beds, cabinets and interior props.",Furniture,/home/ubuntu/BOPLUX_assets/Furniture/kenney_furniture-kit_cabinetBedDrawerTable.dae
kenney furniture-kit cabinetTelevision,https://kenney.nl/assets/furniture-kit,CC0 1.0,N,DAE,Not stated,"Furniture kit: chairs, tables, beds, cabinets and interior props.",Furniture,/home/ubuntu/BOPLUX_assets/Furniture/kenney_furniture-kit_cabinetTelevision.dae
kenney furniture-kit cabinetTelevisionDoors,https://kenney.nl/assets/furniture-kit,CC0 1.0,N,DAE,Not stated,"Furniture kit: chairs, tables, beds, cabinets and interior props.",Structural_Kit,/home/ubuntu/BOPLUX_assets/Structural_Kit/kenney_furniture-kit_cabinetTelevisionDoors.dae
kenney furniture-kit cardboardBoxClosed,https://kenney.nl/assets/furniture-kit,CC0 1.0,N,DAE,Not stated,"Furniture kit: chairs, tables, beds, cabinets and interior props.",Crates_Barrels_Clutter,/home/ubuntu/BOPLUX_assets/Crates_Barrels_Clutter/kenney_furniture-kit_cardboardBoxClosed.dae
kenney furniture-kit cardboardBoxOpen,https://kenney.nl/assets/furniture-kit,CC0 1.0,N,DAE,Not stated,"Furniture kit: chairs, tables, beds, cabinets and interior props.",Crates_Barrels_Clutter,/home/ubuntu/BOPLUX_assets/Crates_Barrels_Clutter/kenney_furniture-kit_cardboardBoxOpen.dae
kenney furniture-kit ceilingFan,https://kenney.nl/assets/furniture-kit,CC0 1.0,N,DAE,Not stated,"Furniture kit: chairs, tables, beds, cabinets and interior props.",Miscellaneous,/home/ubuntu/BOPLUX_assets/Miscellaneous/kenney_furniture-kit_ceilingFan.dae
kenney furniture-kit chair,https://kenney.nl/assets/furniture-kit,CC0 1.0,N,DAE,Not stated,"Furniture kit: chairs, tables, beds, cabinets and interior props.",Furniture,/home/ubuntu/BOPLUX_assets/Furniture/kenney_furniture-kit_chair.dae
kenney furniture-kit chairCushion,https://kenney.nl/assets/furniture-kit,CC0 1.0,N,DAE,Not stated,"Furniture kit: chairs, tables, beds, cabinets and interior props.",Furniture,/home/ubuntu/BOPLUX_assets/Furniture/kenney_furniture-kit_chairCushion.dae
kenney furniture-kit chairDesk,https://kenney.nl/assets/furniture-kit,CC0 1.0,N,DAE,Not stated,"Furniture kit: chairs, tables, beds, cabinets and interior props.",Furniture,/home/ubuntu/BOPLUX_assets/Furniture/kenney_furniture-kit_chairDesk.dae
kenney furniture-kit chairModernCushion,https://kenney.nl/assets/furniture-kit,CC0 1.0,N,DAE,Not stated,"Furniture kit: chairs, tables, beds, cabinets and interior props.",Furniture,/home/ubuntu/BOPLUX_assets/Furniture/kenney_furniture-kit_chairModernCushion.dae
kenney furniture-kit chairModernFrameCushion,https://kenney.nl/assets/furniture-kit,CC0 1.0,N,DAE,Not stated,"Furniture kit: chairs, tables, beds, cabinets and interior props.",Furniture,/home/ubuntu/BOPLUX_assets/Furniture/kenney_furniture-kit_chairModernFrameCushion.dae
kenney furniture-kit chairRounded,https://kenney.nl/assets/furniture-kit,CC0 1.0,N,DAE,Not stated,"Furniture kit: chairs, tables, beds, cabinets and interior props.",Furniture,/home/ubuntu/BOPLUX_assets/Furniture/kenney_furniture-kit_chairRounded.dae
kenney furniture-kit coatRack,https://kenney.nl/assets/furniture-kit,CC0 1.0,N,DAE,Not stated,"Furniture kit: chairs, tables, beds, cabinets and interior props.",Miscellaneous,/home/ubuntu/BOPLUX_assets/Miscellaneous/kenney_furniture-kit_coatRack.dae
kenney furniture-kit coatRackStanding,https://kenney.nl/assets/furniture-kit,CC0 1.0,N,DAE,Not stated,"Furniture kit: chairs, tables, beds, cabinets and interior props.",Miscellaneous,/home/ubuntu/BOPLUX_assets/Miscellaneous/kenney_furniture-kit_coatRackStanding.dae
kenney furniture-kit computerKeyboard,https://kenney.nl/assets/furniture-kit,CC0 1.0,N,DAE,Not stated,"Furniture kit: chairs, tables, beds, cabinets and interior props.",Miscellaneous,/home/ubuntu/BOPLUX_assets/Miscellaneous/kenney_furniture-kit_computerKeyboard.dae
kenney furniture-kit computerMouse,https://kenney.nl/assets/furniture-kit,CC0 1.0,N,DAE,Not stated,"Furniture kit: chairs, tables, beds, cabinets and interior props.",Miscellaneous,/home/ubuntu/BOPLUX_assets/Miscellaneous/kenney_furniture-kit_computerMouse.dae
kenney furniture-kit computerScreen,https://kenney.nl/assets/furniture-kit,CC0 1.0,N,DAE,Not stated,"Furniture kit: chairs, tables, beds, cabinets and interior props.",Miscellaneous,/home/ubuntu/BOPLUX_assets/Miscellaneous/kenney_furniture-kit_computerScreen.dae
kenney furniture-kit desk,https://kenney.nl/assets/furniture-kit,CC0 1.0,N,DAE,Not stated,"Furniture kit: chairs, tables, beds, cabinets and interior props.",Furniture,/home/ubuntu/BOPLUX_assets/Furniture/kenney_furniture-kit_desk.dae
kenney furniture-kit deskCorner,https://kenney.nl/assets/furniture-kit,CC0 1.0,N,DAE,Not stated,"Furniture kit: chairs, tables, beds, cabinets and interior props.",Furniture,/home/ubuntu/BOPLUX_assets/Furniture/kenney_furniture-kit_deskCorner.dae
kenney furniture-kit doorway,https://kenney.nl/assets/furniture-kit,CC0 1.0,N,DAE,Not stated,"Furniture kit: chairs, tables, beds, cabinets and interior props.",Structural_Kit,/home/ubuntu/BOPLUX_assets/Structural_Kit/kenney_furniture-kit_doorway.dae
kenney furniture-kit doorwayFront,https://kenney.nl/assets/furniture-kit,CC0 1.0,N,DAE,Not stated,"Furniture kit: chairs, tables, beds, cabinets and interior props.",Structural_Kit,/home/ubuntu/BOPLUX_assets/Structural_Kit/kenney_furniture-kit_doorwayFront.dae
kenney furniture-kit doorwayOpen,https://kenney.nl/assets/furniture-kit,CC0 1.0,N,DAE,Not stated,"Furniture kit: chairs, tables, beds, cabinets and interior props.",Structural_Kit,/home/ubuntu/BOPLUX_assets/Structural_Kit/kenney_furniture-kit_doorwayOpen.dae
kenney furniture-kit dryer,https://kenney.nl/assets/furniture-kit,CC0 1.0,N,DAE,Not stated,"Furniture kit: chairs, tables, beds, cabinets and interior props.",Miscellaneous,/home/ubuntu/BOPLUX_assets/Miscellaneous/kenney_furniture-kit_dryer.dae
kenney furniture-kit floorCorner,https://kenney.nl/assets/furniture-kit,CC0 1.0,N,DAE,Not stated,"Furniture kit: chairs, tables, beds, cabinets and interior props.",Miscellaneous,/home/ubuntu/BOPLUX_assets/Miscellaneous/kenney_furniture-kit_floorCorner.dae
kenney furniture-kit floorCornerRound,https://kenney.nl/assets/furniture-kit,CC0 1.0,N,DAE,Not stated,"Furniture kit: chairs, tables, beds, cabinets and interior props.",Miscellaneous,/home/ubuntu/BOPLUX_assets/Miscellaneous/kenney_furniture-kit_floorCornerRound.dae
kenney furniture-kit floorFull,https://kenney.nl/assets/furniture-kit,CC0 1.0,N,DAE,Not stated,"Furniture kit: chairs, tables, beds, cabinets and interior props.",Miscellaneous,/home/ubuntu/BOPLUX_assets/Miscellaneous/kenney_furniture-kit_floorFull.dae
kenney furniture-kit floorHalf,https://kenney.nl/assets/furniture-kit,CC0 1.0,N,DAE,Not stated,"Furniture kit: chairs, tables, beds, cabinets and interior props.",Miscellaneous,/home/ubuntu/BOPLUX_assets/Miscellaneous/kenney_furniture-kit_floorHalf.dae
kenney furniture-kit hoodLarge,https://kenney.nl/assets/furniture-kit,CC0 1.0,N,DAE,Not stated,"Furniture kit: chairs, tables, beds, cabinets and interior props.",Miscellaneous,/home/ubuntu/BOPLUX_assets/Miscellaneous/kenney_furniture-kit_hoodLarge.dae
kenney furniture-kit hoodModern,https://kenney.nl/assets/furniture-kit,CC0 1.0,N,DAE,Not stated,"Furniture kit: chairs, tables, beds, cabinets and interior props.",Miscellaneous,/home/ubuntu/BOPLUX_assets/Miscellaneous/kenney_furniture-kit_hoodModern.dae
kenney furniture-kit kitchenBar,https://kenney.nl/assets/furniture-kit,CC0 1.0,N,DAE,Not stated,"Furniture kit: chairs, tables, beds, cabinets and interior props.",Miscellaneous,/home/ubuntu/BOPLUX_assets/Miscellaneous/kenney_furniture-kit_kitchenBar.dae
kenney furniture-kit kitchenBarEnd,https://kenney.nl/assets/furniture-kit,CC0 1.0,N,DAE,Not stated,"Furniture kit: chairs, tables, beds, cabinets and interior props.",Miscellaneous,/home/ubuntu/BOPLUX_assets/Miscellaneous/kenney_furniture-kit_kitchenBarEnd.dae
kenney furniture-kit kitchenBlender,https://kenney.nl/assets/furniture-kit,CC0 1.0,N,DAE,Not stated,"Furniture kit: chairs, tables, beds, cabinets and interior props.",Miscellaneous,/home/ubuntu/BOPLUX_assets/Miscellaneous/kenney_furniture-kit_kitchenBlender.dae
kenney furniture-kit kitchenCabinet,https://kenney.nl/assets/furniture-kit,CC0 1.0,N,DAE,Not stated,"Furniture kit: chairs, tables, beds, cabinets and interior props.",Furniture,/home/ubuntu/BOPLUX_assets/Furniture/kenney_furniture-kit_kitchenCabinet.dae
kenney furniture-kit kitchenCabinetCornerInner,https://kenney.nl/assets/furniture-kit,CC0 1.0,N,DAE,Not stated,"Furniture kit: chairs, tables, beds, cabinets and interior props.",Furniture,/home/ubuntu/BOPLUX_assets/Furniture/kenney_furniture-kit_kitchenCabinetCornerInner.dae
kenney furniture-kit kitchenCabinetCornerRound,https://kenney.nl/assets/furniture-kit,CC0 1.0,N,DAE,Not stated,"Furniture kit: chairs, tables, beds, cabinets and interior props.",Furniture,/home/ubuntu/BOPLUX_assets/Furniture/kenney_furniture-kit_kitchenCabinetCornerRound.dae
kenney furniture-kit kitchenCabinetDrawer,https://kenney.nl/assets/furniture-kit,CC0 1.0,N,DAE,Not stated,"Furniture kit: chairs, tables, beds, cabinets and interior props.",Furniture,/home/ubuntu/BOPLUX_assets/Furniture/kenney_furniture-kit_kitchenCabinetDrawer.dae
kenney furniture-kit kitchenCabinetUpper,https://kenney.nl/assets/furniture-kit,CC0 1.0,N,DAE,Not stated,"Furniture kit: chairs, tables, beds, cabinets and interior props.",Furniture,/home/ubuntu/BOPLUX_assets/Furniture/kenney_furniture-kit_kitchenCabinetUpper.dae
kenney furniture-kit kitchenCabinetUpperCorner,https://kenney.nl/assets/furniture-kit,CC0 1.0,N,DAE,Not stated,"Furniture kit: chairs, tables, beds, cabinets and interior props.",Furniture,/home/ubuntu/BOPLUX_assets/Furniture/kenney_furniture-kit_kitchenCabinetUpperCorner.dae
kenney furniture-kit kitchenCabinetUpperDouble,https://kenney.nl/assets/furniture-kit,CC0 1.0,N,DAE,Not stated,"Furniture kit: chairs, tables, beds, cabinets and interior props.",Furniture,/home/ubuntu/BOPLUX_assets/Furniture/kenney_furniture-kit_kitchenCabinetUpperDouble.dae
kenney furniture-kit kitchenCabinetUpperLow,https://kenney.nl/assets/furniture-kit,CC0 1.0,N,DAE,Not stated,"Furniture kit: chairs, tables, beds, cabinets and interior props.",Furniture,/home/ubuntu/BOPLUX_assets/Furniture/kenney_furniture-kit_kitchenCabinetUpperLow.dae
kenney furniture-kit kitchenCoffeeMachine,https://kenney.nl/assets/furniture-kit,CC0 1.0,N,DAE,Not stated,"Furniture kit: chairs, tables, beds, cabinets and interior props.",Miscellaneous,/home/ubuntu/BOPLUX_assets/Miscellaneous/kenney_furniture-kit_kitchenCoffeeMachine.dae
kenney furniture-kit kitchenFridge,https://kenney.nl/assets/furniture-kit,CC0 1.0,N,DAE,Not stated,"Furniture kit: chairs, tables, beds, cabinets and interior props.",Miscellaneous,/home/ubuntu/BOPLUX_assets/Miscellaneous/kenney_furniture-kit_kitchenFridge.dae
kenney furniture-kit kitchenFridgeBuiltIn,https://kenney.nl/assets/furniture-kit,CC0 1.0,N,DAE,Not stated,"Furniture kit: chairs, tables, beds, cabinets and interior props.",Miscellaneous,/home/ubuntu/BOPLUX_assets/Miscellaneous/kenney_furniture-kit_kitchenFridgeBuiltIn.dae
kenney furniture-kit kitchenFridgeLarge,https://kenney.nl/assets/furniture-kit,CC0 1.0,N,DAE,Not stated,"Furniture kit: chairs, tables, beds, cabinets and interior props.",Miscellaneous,/home/ubuntu/BOPLUX_assets/Miscellaneous/kenney_furniture-kit_kitchenFridgeLarge.dae
kenney furniture-kit kitchenFridgeSmall,https://kenney.nl/assets/furniture-kit,CC0 1.0,N,DAE,Not stated,"Furniture kit: chairs, tables, beds, cabinets and interior props.",Miscellaneous,/home/ubuntu/BOPLUX_assets/Miscellaneous/kenney_furniture-kit_kitchenFridgeSmall.dae
kenney furniture-kit kitchenMicrowave,https://kenney.nl/assets/furniture-kit,CC0 1.0,N,DAE,Not stated,"Furniture kit: chairs, tables, beds, cabinets and interior props.",Miscellaneous,/home/ubuntu/BOPLUX_assets/Miscellaneous/kenney_furniture-kit_kitchenMicrowave.dae
kenney furniture-kit kitchenSink,https://kenney.nl/assets/furniture-kit,CC0 1.0,N,DAE,Not stated,"Furniture kit: chairs, tables, beds, cabinets and interior props.",Miscellaneous,/home/ubuntu/BOPLUX_assets/Miscellaneous/kenney_furniture-kit_kitchenSink.dae
kenney furniture-kit kitchenStove,https://kenney.nl/assets/furniture-kit,CC0 1.0,N,DAE,Not stated,"Furniture kit: chairs, tables, beds, cabinets and interior props.",Miscellaneous,/home/ubuntu/BOPLUX_assets/Miscellaneous/kenney_furniture-kit_kitchenStove.dae
kenney furniture-kit kitchenStoveElectric,https://kenney.nl/assets/furniture-kit,CC0 1.0,N,DAE,Not stated,"Furniture kit: chairs, tables, beds, cabinets and interior props.",Miscellaneous,/home/ubuntu/BOPLUX_assets/Miscellaneous/kenney_furniture-kit_kitchenStoveElectric.dae
kenney furniture-kit lampRoundFloor,https://kenney.nl/assets/furniture-kit,CC0 1.0,N,DAE,Not stated,"Furniture kit: chairs, tables, beds, cabinets and interior props.",Lighting,/home/ubuntu/BOPLUX_assets/Lighting/kenney_furniture-kit_lampRoundFloor.dae
kenney furniture-kit lampRoundTable,https://kenney.nl/assets/furniture-kit,CC0 1.0,N,DAE,Not stated,"Furniture kit: chairs, tables, beds, cabinets and interior props.",Furniture,/home/ubuntu/BOPLUX_assets/Furniture/kenney_furniture-kit_lampRoundTable.dae
kenney furniture-kit lampSquareCeiling,https://kenney.nl/assets/furniture-kit,CC0 1.0,N,DAE,Not stated,"Furniture kit: chairs, tables, beds, cabinets and interior props.",Lighting,/home/ubuntu/BOPLUX_assets/Lighting/kenney_furniture-kit_lampSquareCeiling.dae
kenney furniture-kit lampSquareFloor,https://kenney.nl/assets/furniture-kit,CC0 1.0,N,DAE,Not stated,"Furniture kit: chairs, tables, beds, cabinets and interior props.",Lighting,/home/ubuntu/BOPLUX_assets/Lighting/kenney_furniture-kit_lampSquareFloor.dae
kenney furniture-kit lampSquareTable,https://kenney.nl/assets/furniture-kit,CC0 1.0,N,DAE,Not stated,"Furniture kit: chairs, tables, beds, cabinets and interior props.",Furniture,/home/ubuntu/BOPLUX_assets/Furniture/kenney_furniture-kit_lampSquareTable.dae
kenney furniture-kit lampWall,https://kenney.nl/assets/furniture-kit,CC0 1.0,N,DAE,Not stated,"Furniture kit: chairs, tables, beds, cabinets and interior props.",Structural_Kit,/home/ubuntu/BOPLUX_assets/Structural_Kit/kenney_furniture-kit_lampWall.dae
kenney furniture-kit laptop,https://kenney.nl/assets/furniture-kit,CC0 1.0,N,DAE,Not stated,"Furniture kit: chairs, tables, beds, cabinets and interior props.",Miscellaneous,/home/ubuntu/BOPLUX_assets/Miscellaneous/kenney_furniture-kit_laptop.dae
kenney furniture-kit loungeChair,https://kenney.nl/assets/furniture-kit,CC0 1.0,N,DAE,Not stated,"Furniture kit: chairs, tables, beds, cabinets and interior props.",Furniture,/home/ubuntu/BOPLUX_assets/Furniture/kenney_furniture-kit_loungeChair.dae
kenney furniture-kit loungeChairRelax,https://kenney.nl/assets/furniture-kit,CC0 1.0,N,DAE,Not stated,"Furniture kit: chairs, tables, beds, cabinets and interior props.",Furniture,/home/ubuntu/BOPLUX_assets/Furniture/kenney_furniture-kit_loungeChairRelax.dae
kenney furniture-kit loungeDesignChair,https://kenney.nl/assets/furniture-kit,CC0 1.0,N,DAE,Not stated,"Furniture kit: chairs, tables, beds, cabinets and interior props.",Furniture,/home/ubuntu/BOPLUX_assets/Furniture/kenney_furniture-kit_loungeDesignChair.dae
kenney furniture-kit loungeDesignSofa,https://kenney.nl/assets/furniture-kit,CC0 1.0,N,DAE,Not stated,"Furniture kit: chairs, tables, beds, cabinets and interior props.",Furniture,/home/ubuntu/BOPLUX_assets/Furniture/kenney_furniture-kit_loungeDesignSofa.dae
kenney furniture-kit loungeDesignSofaCorner,https://kenney.nl/assets/furniture-kit,CC0 1.0,N,DAE,Not stated,"Furniture kit: chairs, tables, beds, cabinets and interior props.",Furniture,/home/ubuntu/BOPLUX_assets/Furniture/kenney_furniture-kit_loungeDesignSofaCorner.dae
kenney furniture-kit loungeSofa,https://kenney.nl/assets/furniture-kit,CC0 1.0,N,DAE,Not stated,"Furniture kit: chairs, tables, beds, cabinets and interior props.",Furniture,/home/ubuntu/BOPLUX_assets/Furniture/kenney_furniture-kit_loungeSofa.dae
kenney furniture-kit loungeSofaCorner,https://kenney.nl/assets/furniture-kit,CC0 1.0,N,DAE,Not stated,"Furniture kit: chairs, tables, beds, cabinets and interior props.",Furniture,/home/ubuntu/BOPLUX_assets/Furniture/kenney_furniture-kit_loungeSofaCorner.dae
kenney furniture-kit loungeSofaLong,https://kenney.nl/assets/furniture-kit,CC0 1.0,N,DAE,Not stated,"Furniture kit: chairs, tables, beds, cabinets and interior props.",Furniture,/home/ubuntu/BOPLUX_assets/Furniture/kenney_furniture-kit_loungeSofaLong.dae
kenney furniture-kit loungeSofaOttoman,https://kenney.nl/assets/furniture-kit,CC0 1.0,N,DAE,Not stated,"Furniture kit: chairs, tables, beds, cabinets and interior props.",Furniture,/home/ubuntu/BOPLUX_assets/Furniture/kenney_furniture-kit_loungeSofaOttoman.dae
kenney furniture-kit paneling,https://kenney.nl/assets/furniture-kit,CC0 1.0,N,DAE,Not stated,"Furniture kit: chairs, tables, beds, cabinets and interior props.",Miscellaneous,/home/ubuntu/BOPLUX_assets/Miscellaneous/kenney_furniture-kit_paneling.dae
kenney furniture-kit pillow,https://kenney.nl/assets/furniture-kit,CC0 1.0,N,DAE,Not stated,"Furniture kit: chairs, tables, beds, cabinets and interior props.",Miscellaneous,/home/ubuntu/BOPLUX_assets/Miscellaneous/kenney_furniture-kit_pillow.dae
kenney furniture-kit pillowBlue,https://kenney.nl/assets/furniture-kit,CC0 1.0,N,DAE,Not stated,"Furniture kit: chairs, tables, beds, cabinets and interior props.",Miscellaneous,/home/ubuntu/BOPLUX_assets/Miscellaneous/kenney_furniture-kit_pillowBlue.dae
kenney furniture-kit pillowBlueLong,https://kenney.nl/assets/furniture-kit,CC0 1.0,N,DAE,Not stated,"Furniture kit: chairs, tables, beds, cabinets and interior props.",Miscellaneous,/home/ubuntu/BOPLUX_assets/Miscellaneous/kenney_furniture-kit_pillowBlueLong.dae
kenney furniture-kit pillowLong,https://kenney.nl/assets/furniture-kit,CC0 1.0,N,DAE,Not stated,"Furniture kit: chairs, tables, beds, cabinets and interior props.",Miscellaneous,/home/ubuntu/BOPLUX_assets/Miscellaneous/kenney_furniture-kit_pillowLong.dae
kenney furniture-kit plantSmall1,https://kenney.nl/assets/furniture-kit,CC0 1.0,N,DAE,Not stated,"Furniture kit: chairs, tables, beds, cabinets and interior props.",Vegetation,/home/ubuntu/BOPLUX_assets/Vegetation/kenney_furniture-kit_plantSmall1.dae
kenney furniture-kit plantSmall2,https://kenney.nl/assets/furniture-kit,CC0 1.0,N,DAE,Not stated,"Furniture kit: chairs, tables, beds, cabinets and interior props.",Vegetation,/home/ubuntu/BOPLUX_assets/Vegetation/kenney_furniture-kit_plantSmall2.dae
kenney furniture-kit plantSmall3,https://kenney.nl/assets/furniture-kit,CC0 1.0,N,DAE,Not stated,"Furniture kit: chairs, tables, beds, cabinets and interior props.",Vegetation,/home/ubuntu/BOPLUX_assets/Vegetation/kenney_furniture-kit_plantSmall3.dae
kenney furniture-kit pottedPlant,https://kenney.nl/assets/furniture-kit,CC0 1.0,N,DAE,Not stated,"Furniture kit: chairs, tables, beds, cabinets and interior props.",Vegetation,/home/ubuntu/BOPLUX_assets/Vegetation/kenney_furniture-kit_pottedPlant.dae
kenney furniture-kit radio,https://kenney.nl/assets/furniture-kit,CC0 1.0,N,DAE,Not stated,"Furniture kit: chairs, tables, beds, cabinets and interior props.",Miscellaneous,/home/ubuntu/BOPLUX_assets/Miscellaneous/kenney_furniture-kit_radio.dae
kenney furniture-kit rugDoormat,https://kenney.nl/assets/furniture-kit,CC0 1.0,N,DAE,Not stated,"Furniture kit: chairs, tables, beds, cabinets and interior props.",Structural_Kit,/home/ubuntu/BOPLUX_assets/Structural_Kit/kenney_furniture-kit_rugDoormat.dae
kenney furniture-kit rugRectangle,https://kenney.nl/assets/furniture-kit,CC0 1.0,N,DAE,Not stated,"Furniture kit: chairs, tables, beds, cabinets and interior props.",Miscellaneous,/home/ubuntu/BOPLUX_assets/Miscellaneous/kenney_furniture-kit_rugRectangle.dae
kenney furniture-kit rugRound,https://kenney.nl/assets/furniture-kit,CC0 1.0,N,DAE,Not stated,"Furniture kit: chairs, tables, beds, cabinets and interior props.",Rocks_Terrain,/home/ubuntu/BOPLUX_assets/Rocks_Terrain/kenney_furniture-kit_rugRound.dae
kenney furniture-kit rugRounded,https://kenney.nl/assets/furniture-kit,CC0 1.0,N,DAE,Not stated,"Furniture kit: chairs, tables, beds, cabinets and interior props.",Rocks_Terrain,/home/ubuntu/BOPLUX_assets/Rocks_Terrain/kenney_furniture-kit_rugRounded.dae
kenney furniture-kit rugSquare,https://kenney.nl/assets/furniture-kit,CC0 1.0,N,DAE,Not stated,"Furniture kit: chairs, tables, beds, cabinets and interior props.",Miscellaneous,/home/ubuntu/BOPLUX_assets/Miscellaneous/kenney_furniture-kit_rugSquare.dae
kenney furniture-kit shower,https://kenney.nl/assets/furniture-kit,CC0 1.0,N,DAE,Not stated,"Furniture kit: chairs, tables, beds, cabinets and interior props.",Miscellaneous,/home/ubuntu/BOPLUX_assets/Miscellaneous/kenney_furniture-kit_shower.dae
kenney furniture-kit showerRound,https://kenney.nl/assets/furniture-kit,CC0 1.0,N,DAE,Not stated,"Furniture kit: chairs, tables, beds, cabinets and interior props.",Miscellaneous,/home/ubuntu/BOPLUX_assets/Miscellaneous/kenney_furniture-kit_showerRound.dae
kenney furniture-kit sideTable,https://kenney.nl/assets/furniture-kit,CC0 1.0,N,DAE,Not stated,"Furniture kit: chairs, tables, beds, cabinets and interior props.",Furniture,/home/ubuntu/BOPLUX_assets/Furniture/kenney_furniture-kit_sideTable.dae
kenney furniture-kit sideTableDrawers,https://kenney.nl/assets/furniture-kit,CC0 1.0,N,DAE,Not stated,"Furniture kit: chairs, tables, beds, cabinets and interior props.",Furniture,/home/ubuntu/BOPLUX_assets/Furniture/kenney_furniture-kit_sideTableDrawers.dae
kenney furniture-kit speaker,https://kenney.nl/assets/furniture-kit,CC0 1.0,N,DAE,Not stated,"Furniture kit: chairs, tables, beds, cabinets and interior props.",Miscellaneous,/home/ubuntu/BOPLUX_assets/Miscellaneous/kenney_furniture-kit_speaker.dae
kenney furniture-kit speakerSmall,https://kenney.nl/assets/furniture-kit,CC0 1.0,N,DAE,Not stated,"Furniture kit: chairs, tables, beds, cabinets and interior props.",Miscellaneous,/home/ubuntu/BOPLUX_assets/Miscellaneous/kenney_furniture-kit_speakerSmall.dae
kenney furniture-kit stairs,https://kenney.nl/assets/furniture-kit,CC0 1.0,N,DAE,Not stated,"Furniture kit: chairs, tables, beds, cabinets and interior props.",Miscellaneous,/home/ubuntu/BOPLUX_assets/Miscellaneous/kenney_furniture-kit_stairs.dae
kenney furniture-kit stairsCorner,https://kenney.nl/assets/furniture-kit,CC0 1.0,N,DAE,Not stated,"Furniture kit: chairs, tables, beds, cabinets and interior props.",Miscellaneous,/home/ubuntu/BOPLUX_assets/Miscellaneous/kenney_furniture-kit_stairsCorner.dae
kenney furniture-kit stairsOpen,https://kenney.nl/assets/furniture-kit,CC0 1.0,N,DAE,Not stated,"Furniture kit: chairs, tables, beds, cabinets and interior props.",Miscellaneous,/home/ubuntu/BOPLUX_assets/Miscellaneous/kenney_furniture-kit_stairsOpen.dae
kenney furniture-kit stairsOpenSingle,https://kenney.nl/assets/furniture-kit,CC0 1.0,N,DAE,Not stated,"Furniture kit: chairs, tables, beds, cabinets and interior props.",Miscellaneous,/home/ubuntu/BOPLUX_assets/Miscellaneous/kenney_furniture-kit_stairsOpenSingle.dae
kenney furniture-kit stoolBar,https://kenney.nl/assets/furniture-kit,CC0 1.0,N,DAE,Not stated,"Furniture kit: chairs, tables, beds, cabinets and interior props.",Furniture,/home/ubuntu/BOPLUX_assets/Furniture/kenney_furniture-kit_stoolBar.dae
kenney furniture-kit stoolBarSquare,https://kenney.nl/assets/furniture-kit,CC0 1.0,N,DAE,Not stated,"Furniture kit: chairs, tables, beds, cabinets and interior props.",Furniture,/home/ubuntu/BOPLUX_assets/Furniture/kenney_furniture-kit_stoolBarSquare.dae
kenney furniture-kit table,https://kenney.nl/assets/furniture-kit,CC0 1.0,N,DAE,Not stated,"Furniture kit: chairs, tables, beds, cabinets and interior props.",Furniture,/home/ubuntu/BOPLUX_assets/Furniture/kenney_furniture-kit_table.dae
kenney furniture-kit tableCloth,https://kenney.nl/assets/furniture-kit,CC0 1.0,N,DAE,Not stated,"Furniture kit: chairs, tables, beds, cabinets and interior props.",Furniture,/home/ubuntu/BOPLUX_assets/Furniture/kenney_furniture-kit_tableCloth.dae
kenney furniture-kit tableCoffee,https://kenney.nl/assets/furniture-kit,CC0 1.0,N,DAE,Not stated,"Furniture kit: chairs, tables, beds, cabinets and interior props.",Furniture,/home/ubuntu/BOPLUX_assets/Furniture/kenney_furniture-kit_tableCoffee.dae
kenney furniture-kit tableCoffeeGlass,https://kenney.nl/assets/furniture-kit,CC0 1.0,N,DAE,Not stated,"Furniture kit: chairs, tables, beds, cabinets and interior props.",Furniture,/home/ubuntu/BOPLUX_assets/Furniture/kenney_furniture-kit_tableCoffeeGlass.dae
kenney furniture-kit tableCoffeeGlassSquare,https://kenney.nl/assets/furniture-kit,CC0 1.0,N,DAE,Not stated,"Furniture kit: chairs, tables, beds, cabinets and interior props.",Furniture,/home/ubuntu/BOPLUX_assets/Furniture/kenney_furniture-kit_tableCoffeeGlassSquare.dae
kenney furniture-kit tableCoffeeSquare,https://kenney.nl/assets/furniture-kit,CC0 1.0,N,DAE,Not stated,"Furniture kit: chairs, tables, beds, cabinets and interior props.",Furniture,/home/ubuntu/BOPLUX_assets/Furniture/kenney_furniture-kit_tableCoffeeSquare.dae
kenney furniture-kit tableCross,https://kenney.nl/assets/furniture-kit,CC0 1.0,N,DAE,Not stated,"Furniture kit: chairs, tables, beds, cabinets and interior props.",Furniture,/home/ubuntu/BOPLUX_assets/Furniture/kenney_furniture-kit_tableCross.dae
kenney furniture-kit tableCrossCloth,https://kenney.nl/assets/furniture-kit,CC0 1.0,N,DAE,Not stated,"Furniture kit: chairs, tables, beds, cabinets and interior props.",Furniture,/home/ubuntu/BOPLUX_assets/Furniture/kenney_furniture-kit_tableCrossCloth.dae
kenney furniture-kit tableGlass,https://kenney.nl/assets/furniture-kit,CC0 1.0,N,DAE,Not stated,"Furniture kit: chairs, tables, beds, cabinets and interior props.",Furniture,/home/ubuntu/BOPLUX_assets/Furniture/kenney_furniture-kit_tableGlass.dae
kenney furniture-kit tableRound,https://kenney.nl/assets/furniture-kit,CC0 1.0,N,DAE,Not stated,"Furniture kit: chairs, tables, beds, cabinets and interior props.",Furniture,/home/ubuntu/BOPLUX_assets/Furniture/kenney_furniture-kit_tableRound.dae
kenney furniture-kit televisionAntenna,https://kenney.nl/assets/furniture-kit,CC0 1.0,N,DAE,Not stated,"Furniture kit: chairs, tables, beds, cabinets and interior props.",Miscellaneous,/home/ubuntu/BOPLUX_assets/Miscellaneous/kenney_furniture-kit_televisionAntenna.dae
kenney furniture-kit televisionModern,https://kenney.nl/assets/furniture-kit,CC0 1.0,N,DAE,Not stated,"Furniture kit: chairs, tables, beds, cabinets and interior props.",Miscellaneous,/home/ubuntu/BOPLUX_assets/Miscellaneous/kenney_furniture-kit_televisionModern.dae
kenney furniture-kit televisionVintage,https://kenney.nl/assets/furniture-kit,CC0 1.0,N,DAE,Not stated,"Furniture kit: chairs, tables, beds, cabinets and interior props.",Miscellaneous,/home/ubuntu/BOPLUX_assets/Miscellaneous/kenney_furniture-kit_televisionVintage.dae
kenney furniture-kit toaster,https://kenney.nl/assets/furniture-kit,CC0 1.0,N,DAE,Not stated,"Furniture kit: chairs, tables, beds, cabinets and interior props.",Miscellaneous,/home/ubuntu/BOPLUX_assets/Miscellaneous/kenney_furniture-kit_toaster.dae
kenney furniture-kit toilet,https://kenney.nl/assets/furniture-kit,CC0 1.0,N,DAE,Not stated,"Furniture kit: chairs, tables, beds, cabinets and interior props.",Miscellaneous,/home/ubuntu/BOPLUX_assets/Miscellaneous/kenney_furniture-kit_toilet.dae
kenney furniture-kit toiletSquare,https://kenney.nl/assets/furniture-kit,CC0 1.0,N,DAE,Not stated,"Furniture kit: chairs, tables, beds, cabinets and interior props.",Miscellaneous,/home/ubuntu/BOPLUX_assets/Miscellaneous/kenney_furniture-kit_toiletSquare.dae
kenney furniture-kit trashcan,https://kenney.nl/assets/furniture-kit,CC0 1.0,N,DAE,Not stated,"Furniture kit: chairs, tables, beds, cabinets and interior props.",Crates_Barrels_Clutter,/home/ubuntu/BOPLUX_assets/Crates_Barrels_Clutter/kenney_furniture-kit_trashcan.dae
kenney furniture-kit wall,https://kenney.nl/assets/furniture-kit,CC0 1.0,N,DAE,Not stated,"Furniture kit: chairs, tables, beds, cabinets and interior props.",Structural_Kit,/home/ubuntu/BOPLUX_assets/Structural_Kit/kenney_furniture-kit_wall.dae
kenney furniture-kit wallCorner,https://kenney.nl/assets/furniture-kit,CC0 1.0,N,DAE,Not stated,"Furniture kit: chairs, tables, beds, cabinets and interior props.",Structural_Kit,/home/ubuntu/BOPLUX_assets/Structural_Kit/kenney_furniture-kit_wallCorner.dae
kenney furniture-kit wallCornerRond,https://kenney.nl/assets/furniture-kit,CC0 1.0,N,DAE,Not stated,"Furniture kit: chairs, tables, beds, cabinets and interior props.",Structural_Kit,/home/ubuntu/BOPLUX_assets/Structural_Kit/kenney_furniture-kit_wallCornerRond.dae
kenney furniture-kit wallDoorway,https://kenney.nl/assets/furniture-kit,CC0 1.0,N,DAE,Not stated,"Furniture kit: chairs, tables, beds, cabinets and interior props.",Structural_Kit,/home/ubuntu/BOPLUX_assets/Structural_Kit/kenney_furniture-kit_wallDoorway.dae
kenney furniture-kit wallDoorwayWide,https://kenney.nl/assets/furniture-kit,CC0 1.0,N,DAE,Not stated,"Furniture kit: chairs, tables, beds, cabinets and interior props.",Structural_Kit,/home/ubuntu/BOPLUX_assets/Structural_Kit/kenney_furniture-kit_wallDoorwayWide.dae
kenney furniture-kit wallHalf,https://kenney.nl/assets/furniture-kit,CC0 1.0,N,DAE,Not stated,"Furniture kit: chairs, tables, beds, cabinets and interior props.",Structural_Kit,/home/ubuntu/BOPLUX_assets/Structural_Kit/kenney_furniture-kit_wallHalf.dae
kenney furniture-kit wallWindow,https://kenney.nl/assets/furniture-kit,CC0 1.0,N,DAE,Not stated,"Furniture kit: chairs, tables, beds, cabinets and interior props.",Structural_Kit,/home/ubuntu/BOPLUX_assets/Structural_Kit/kenney_furniture-kit_wallWindow.dae
kenney furniture-kit wallWindowSlide,https://kenney.nl/assets/furniture-kit,CC0 1.0,N,DAE,Not stated,"Furniture kit: chairs, tables, beds, cabinets and interior props.",Structural_Kit,/home/ubuntu/BOPLUX_assets/Structural_Kit/kenney_furniture-kit_wallWindowSlide.dae
kenney furniture-kit washer,https://kenney.nl/assets/furniture-kit,CC0 1.0,N,DAE,Not stated,"Furniture kit: chairs, tables, beds, cabinets and interior props.",Miscellaneous,/home/ubuntu/BOPLUX_assets/Miscellaneous/kenney_furniture-kit_washer.dae
kenney furniture-kit washerDryerStacked,https://kenney.nl/assets/furniture-kit,CC0 1.0,N,DAE,Not stated,"Furniture kit: chairs, tables, beds, cabinets and interior props.",Miscellaneous,/home/ubuntu/BOPLUX_assets/Miscellaneous/kenney_furniture-kit_washerDryerStacked.dae
kenney furniture-kit bathroomCabinet,https://kenney.nl/assets/furniture-kit,CC0 1.0,N,FBX,Not stated,"Furniture kit: chairs, tables, beds, cabinets and interior props.",Furniture,/home/ubuntu/BOPLUX_assets/Furniture/kenney_furniture-kit_bathroomCabinet.fbx
kenney furniture-kit bathroomCabinetDrawer,https://kenney.nl/assets/furniture-kit,CC0 1.0,N,FBX,Not stated,"Furniture kit: chairs, tables, beds, cabinets and interior props.",Furniture,/home/ubuntu/BOPLUX_assets/Furniture/kenney_furniture-kit_bathroomCabinetDrawer.fbx
kenney furniture-kit bathroomMirror,https://kenney.nl/assets/furniture-kit,CC0 1.0,N,FBX,Not stated,"Furniture kit: chairs, tables, beds, cabinets and interior props.",Miscellaneous,/home/ubuntu/BOPLUX_assets/Miscellaneous/kenney_furniture-kit_bathroomMirror.fbx
kenney furniture-kit bathroomSink,https://kenney.nl/assets/furniture-kit,CC0 1.0,N,FBX,Not stated,"Furniture kit: chairs, tables, beds, cabinets and interior props.",Miscellaneous,/home/ubuntu/BOPLUX_assets/Miscellaneous/kenney_furniture-kit_bathroomSink.fbx
kenney furniture-kit bathroomSinkSquare,https://kenney.nl/assets/furniture-kit,CC0 1.0,N,FBX,Not stated,"Furniture kit: chairs, tables, beds, cabinets and interior props.",Miscellaneous,/home/ubuntu/BOPLUX_assets/Miscellaneous/kenney_furniture-kit_bathroomSinkSquare.fbx
kenney furniture-kit bathtub,https://kenney.nl/assets/furniture-kit,CC0 1.0,N,FBX,Not stated,"Furniture kit: chairs, tables, beds, cabinets and interior props.",Miscellaneous,/home/ubuntu/BOPLUX_assets/Miscellaneous/kenney_furniture-kit_bathtub.fbx
kenney furniture-kit bear,https://kenney.nl/assets/furniture-kit,CC0 1.0,N,FBX,Not stated,"Furniture kit: chairs, tables, beds, cabinets and interior props.",Miscellaneous,/home/ubuntu/BOPLUX_assets/Miscellaneous/kenney_furniture-kit_bear.fbx
kenney furniture-kit bedBunk,https://kenney.nl/assets/furniture-kit,CC0 1.0,N,FBX,Not stated,"Furniture kit: chairs, tables, beds, cabinets and interior props.",Furniture,/home/ubuntu/BOPLUX_assets/Furniture/kenney_furniture-kit_bedBunk.fbx
kenney furniture-kit bedDouble,https://kenney.nl/assets/furniture-kit,CC0 1.0,N,FBX,Not stated,"Furniture kit: chairs, tables, beds, cabinets and interior props.",Furniture,/home/ubuntu/BOPLUX_assets/Furniture/kenney_furniture-kit_bedDouble.fbx
kenney furniture-kit bedSingle,https://kenney.nl/assets/furniture-kit,CC0 1.0,N,FBX,Not stated,"Furniture kit: chairs, tables, beds, cabinets and interior props.",Furniture,/home/ubuntu/BOPLUX_assets/Furniture/kenney_furniture-kit_bedSingle.fbx
kenney furniture-kit bench,https://kenney.nl/assets/furniture-kit,CC0 1.0,N,FBX,Not stated,"Furniture kit: chairs, tables, beds, cabinets and interior props.",Furniture,/home/ubuntu/BOPLUX_assets/Furniture/kenney_furniture-kit_bench.fbx
kenney furniture-kit benchCushion,https://kenney.nl/assets/furniture-kit,CC0 1.0,N,FBX,Not stated,"Furniture kit: chairs, tables, beds, cabinets and interior props.",Furniture,/home/ubuntu/BOPLUX_assets/Furniture/kenney_furniture-kit_benchCushion.fbx
kenney furniture-kit benchCushionLow,https://kenney.nl/assets/furniture-kit,CC0 1.0,N,FBX,Not stated,"Furniture kit: chairs, tables, beds, cabinets and interior props.",Furniture,/home/ubuntu/BOPLUX_assets/Furniture/kenney_furniture-kit_benchCushionLow.fbx
kenney furniture-kit bookcaseClosed,https://kenney.nl/assets/furniture-kit,CC0 1.0,N,FBX,Not stated,"Furniture kit: chairs, tables, beds, cabinets and interior props.",Miscellaneous,/home/ubuntu/BOPLUX_assets/Miscellaneous/kenney_furniture-kit_bookcaseClosed.fbx
kenney furniture-kit bookcaseClosedDoors,https://kenney.nl/assets/furniture-kit,CC0 1.0,N,FBX,Not stated,"Furniture kit: chairs, tables, beds, cabinets and interior props.",Structural_Kit,/home/ubuntu/BOPLUX_assets/Structural_Kit/kenney_furniture-kit_bookcaseClosedDoors.fbx
kenney furniture-kit bookcaseClosedWide,https://kenney.nl/assets/furniture-kit,CC0 1.0,N,FBX,Not stated,"Furniture kit: chairs, tables, beds, cabinets and interior props.",Miscellaneous,/home/ubuntu/BOPLUX_assets/Miscellaneous/kenney_furniture-kit_bookcaseClosedWide.fbx
kenney furniture-kit bookcaseOpen,https://kenney.nl/assets/furniture-kit,CC0 1.0,N,FBX,Not stated,"Furniture kit: chairs, tables, beds, cabinets and interior props.",Miscellaneous,/home/ubuntu/BOPLUX_assets/Miscellaneous/kenney_furniture-kit_bookcaseOpen.fbx
kenney furniture-kit bookcaseOpenLow,https://kenney.nl/assets/furniture-kit,CC0 1.0,N,FBX,Not stated,"Furniture kit: chairs, tables, beds, cabinets and interior props.",Miscellaneous,/home/ubuntu/BOPLUX_assets/Miscellaneous/kenney_furniture-kit_bookcaseOpenLow.fbx
kenney furniture-kit books,https://kenney.nl/assets/furniture-kit,CC0 1.0,N,FBX,Not stated,"Furniture kit: chairs, tables, beds, cabinets and interior props.",Miscellaneous,/home/ubuntu/BOPLUX_assets/Miscellaneous/kenney_furniture-kit_books.fbx
kenney furniture-kit cabinetBed,https://kenney.nl/assets/furniture-kit,CC0 1.0,N,FBX,Not stated,"Furniture kit: chairs, tables, beds, cabinets and interior props.",Furniture,/home/ubuntu/BOPLUX_assets/Furniture/kenney_furniture-kit_cabinetBed.fbx
kenney furniture-kit cabinetBedDrawer,https://kenney.nl/assets/furniture-kit,CC0 1.0,N,FBX,Not stated,"Furniture kit: chairs, tables, beds, cabinets and interior props.",Furniture,/home/ubuntu/BOPLUX_assets/Furniture/kenney_furniture-kit_cabinetBedDrawer.fbx
kenney furniture-kit cabinetBedDrawerTable,https://kenney.nl/assets/furniture-kit,CC0 1.0,N,FBX,Not stated,"Furniture kit: chairs, tables, beds, cabinets and interior props.",Furniture,/home/ubuntu/BOPLUX_assets/Furniture/kenney_furniture-kit_cabinetBedDrawerTable.fbx
kenney furniture-kit cabinetTelevision,https://kenney.nl/assets/furniture-kit,CC0 1.0,N,FBX,Not stated,"Furniture kit: chairs, tables, beds, cabinets and interior props.",Furniture,/home/ubuntu/BOPLUX_assets/Furniture/kenney_furniture-kit_cabinetTelevision.fbx
kenney furniture-kit cabinetTelevisionDoors,https://kenney.nl/assets/furniture-kit,CC0 1.0,N,FBX,Not stated,"Furniture kit: chairs, tables, beds, cabinets and interior props.",Structural_Kit,/home/ubuntu/BOPLUX_assets/Structural_Kit/kenney_furniture-kit_cabinetTelevisionDoors.fbx
kenney furniture-kit cardboardBoxClosed,https://kenney.nl/assets/furniture-kit,CC0 1.0,N,FBX,Not stated,"Furniture kit: chairs, tables, beds, cabinets and interior props.",Crates_Barrels_Clutter,/home/ubuntu/BOPLUX_assets/Crates_Barrels_Clutter/kenney_furniture-kit_cardboardBoxClosed.fbx
kenney furniture-kit cardboardBoxOpen,https://kenney.nl/assets/furniture-kit,CC0 1.0,N,FBX,Not stated,"Furniture kit: chairs, tables, beds, cabinets and interior props.",Crates_Barrels_Clutter,/home/ubuntu/BOPLUX_assets/Crates_Barrels_Clutter/kenney_furniture-kit_cardboardBoxOpen.fbx
kenney furniture-kit ceilingFan,https://kenney.nl/assets/furniture-kit,CC0 1.0,N,FBX,Not stated,"Furniture kit: chairs, tables, beds, cabinets and interior props.",Miscellaneous,/home/ubuntu/BOPLUX_assets/Miscellaneous/kenney_furniture-kit_ceilingFan.fbx
kenney furniture-kit chair,https://kenney.nl/assets/furniture-kit,CC0 1.0,N,FBX,Not stated,"Furniture kit: chairs, tables, beds, cabinets and interior props.",Furniture,/home/ubuntu/BOPLUX_assets/Furniture/kenney_furniture-kit_chair.fbx
kenney furniture-kit chairCushion,https://kenney.nl/assets/furniture-kit,CC0 1.0,N,FBX,Not stated,"Furniture kit: chairs, tables, beds, cabinets and interior props.",Furniture,/home/ubuntu/BOPLUX_assets/Furniture/kenney_furniture-kit_chairCushion.fbx
kenney furniture-kit chairDesk,https://kenney.nl/assets/furniture-kit,CC0 1.0,N,FBX,Not stated,"Furniture kit: chairs, tables, beds, cabinets and interior props.",Furniture,/home/ubuntu/BOPLUX_assets/Furniture/kenney_furniture-kit_chairDesk.fbx
kenney furniture-kit chairModernCushion,https://kenney.nl/assets/furniture-kit,CC0 1.0,N,FBX,Not stated,"Furniture kit: chairs, tables, beds, cabinets and interior props.",Furniture,/home/ubuntu/BOPLUX_assets/Furniture/kenney_furniture-kit_chairModernCushion.fbx
kenney furniture-kit chairModernFrameCushion,https://kenney.nl/assets/furniture-kit,CC0 1.0,N,FBX,Not stated,"Furniture kit: chairs, tables, beds, cabinets and interior props.",Furniture,/home/ubuntu/BOPLUX_assets/Furniture/kenney_furniture-kit_chairModernFrameCushion.fbx
kenney furniture-kit chairRounded,https://kenney.nl/assets/furniture-kit,CC0 1.0,N,FBX,Not stated,"Furniture kit: chairs, tables, beds, cabinets and interior props.",Furniture,/home/ubuntu/BOPLUX_assets/Furniture/kenney_furniture-kit_chairRounded.fbx
kenney furniture-kit coatRack,https://kenney.nl/assets/furniture-kit,CC0 1.0,N,FBX,Not stated,"Furniture kit: chairs, tables, beds, cabinets and interior props.",Miscellaneous,/home/ubuntu/BOPLUX_assets/Miscellaneous/kenney_furniture-kit_coatRack.fbx
kenney furniture-kit coatRackStanding,https://kenney.nl/assets/furniture-kit,CC0 1.0,N,FBX,Not stated,"Furniture kit: chairs, tables, beds, cabinets and interior props.",Miscellaneous,/home/ubuntu/BOPLUX_assets/Miscellaneous/kenney_furniture-kit_coatRackStanding.fbx
kenney furniture-kit computerKeyboard,https://kenney.nl/assets/furniture-kit,CC0 1.0,N,FBX,Not stated,"Furniture kit: chairs, tables, beds, cabinets and interior props.",Miscellaneous,/home/ubuntu/BOPLUX_assets/Miscellaneous/kenney_furniture-kit_computerKeyboard.fbx
kenney furniture-kit computerMouse,https://kenney.nl/assets/furniture-kit,CC0 1.0,N,FBX,Not stated,"Furniture kit: chairs, tables, beds, cabinets and interior props.",Miscellaneous,/home/ubuntu/BOPLUX_assets/Miscellaneous/kenney_furniture-kit_computerMouse.fbx
kenney furniture-kit computerScreen,https://kenney.nl/assets/furniture-kit,CC0 1.0,N,FBX,Not stated,"Furniture kit: chairs, tables, beds, cabinets and interior props.",Miscellaneous,/home/ubuntu/BOPLUX_assets/Miscellaneous/kenney_furniture-kit_computerScreen.fbx
kenney furniture-kit desk,https://kenney.nl/assets/furniture-kit,CC0 1.0,N,FBX,Not stated,"Furniture kit: chairs, tables, beds, cabinets and interior props.",Furniture,/home/ubuntu/BOPLUX_assets/Furniture/kenney_furniture-kit_desk.fbx
kenney furniture-kit deskCorner,https://kenney.nl/assets/furniture-kit,CC0 1.0,N,FBX,Not stated,"Furniture kit: chairs, tables, beds, cabinets and interior props.",Furniture,/home/ubuntu/BOPLUX_assets/Furniture/kenney_furniture-kit_deskCorner.fbx
kenney furniture-kit doorway,https://kenney.nl/assets/furniture-kit,CC0 1.0,N,FBX,Not stated,"Furniture kit: chairs, tables, beds, cabinets and interior props.",Structural_Kit,/home/ubuntu/BOPLUX_assets/Structural_Kit/kenney_furniture-kit_doorway.fbx
kenney furniture-kit doorwayFront,https://kenney.nl/assets/furniture-kit,CC0 1.0,N,FBX,Not stated,"Furniture kit: chairs, tables, beds, cabinets and interior props.",Structural_Kit,/home/ubuntu/BOPLUX_assets/Structural_Kit/kenney_furniture-kit_doorwayFront.fbx
kenney furniture-kit doorwayOpen,https://kenney.nl/assets/furniture-kit,CC0 1.0,N,FBX,Not stated,"Furniture kit: chairs, tables, beds, cabinets and interior props.",Structural_Kit,/home/ubuntu/BOPLUX_assets/Structural_Kit/kenney_furniture-kit_doorwayOpen.fbx
kenney furniture-kit dryer,https://kenney.nl/assets/furniture-kit,CC0 1.0,N,FBX,Not stated,"Furniture kit: chairs, tables, beds, cabinets and interior props.",Miscellaneous,/home/ubuntu/BOPLUX_assets/Miscellaneous/kenney_furniture-kit_dryer.fbx
kenney furniture-kit floorCorner,https://kenney.nl/assets/furniture-kit,CC0 1.0,N,FBX,Not stated,"Furniture kit: chairs, tables, beds, cabinets and interior props.",Miscellaneous,/home/ubuntu/BOPLUX_assets/Miscellaneous/kenney_furniture-kit_floorCorner.fbx
kenney furniture-kit floorCornerRound,https://kenney.nl/assets/furniture-kit,CC0 1.0,N,FBX,Not stated,"Furniture kit: chairs, tables, beds, cabinets and interior props.",Miscellaneous,/home/ubuntu/BOPLUX_assets/Miscellaneous/kenney_furniture-kit_floorCornerRound.fbx
kenney furniture-kit floorFull,https://kenney.nl/assets/furniture-kit,CC0 1.0,N,FBX,Not stated,"Furniture kit: chairs, tables, beds, cabinets and interior props.",Miscellaneous,/home/ubuntu/BOPLUX_assets/Miscellaneous/kenney_furniture-kit_floorFull.fbx
kenney furniture-kit floorHalf,https://kenney.nl/assets/furniture-kit,CC0 1.0,N,FBX,Not stated,"Furniture kit: chairs, tables, beds, cabinets and interior props.",Miscellaneous,/home/ubuntu/BOPLUX_assets/Miscellaneous/kenney_furniture-kit_floorHalf.fbx
kenney furniture-kit hoodLarge,https://kenney.nl/assets/furniture-kit,CC0 1.0,N,FBX,Not stated,"Furniture kit: chairs, tables, beds, cabinets and interior props.",Miscellaneous,/home/ubuntu/BOPLUX_assets/Miscellaneous/kenney_furniture-kit_hoodLarge.fbx
kenney furniture-kit hoodModern,https://kenney.nl/assets/furniture-kit,CC0 1.0,N,FBX,Not stated,"Furniture kit: chairs, tables, beds, cabinets and interior props.",Miscellaneous,/home/ubuntu/BOPLUX_assets/Miscellaneous/kenney_furniture-kit_hoodModern.fbx
kenney furniture-kit kitchenBar,https://kenney.nl/assets/furniture-kit,CC0 1.0,N,FBX,Not stated,"Furniture kit: chairs, tables, beds, cabinets and interior props.",Miscellaneous,/home/ubuntu/BOPLUX_assets/Miscellaneous/kenney_furniture-kit_kitchenBar.fbx
kenney furniture-kit kitchenBarEnd,https://kenney.nl/assets/furniture-kit,CC0 1.0,N,FBX,Not stated,"Furniture kit: chairs, tables, beds, cabinets and interior props.",Miscellaneous,/home/ubuntu/BOPLUX_assets/Miscellaneous/kenney_furniture-kit_kitchenBarEnd.fbx
kenney furniture-kit kitchenBlender,https://kenney.nl/assets/furniture-kit,CC0 1.0,N,FBX,Not stated,"Furniture kit: chairs, tables, beds, cabinets and interior props.",Miscellaneous,/home/ubuntu/BOPLUX_assets/Miscellaneous/kenney_furniture-kit_kitchenBlender.fbx
kenney furniture-kit kitchenCabinet,https://kenney.nl/assets/furniture-kit,CC0 1.0,N,FBX,Not stated,"Furniture kit: chairs, tables, beds, cabinets and interior props.",Furniture,/home/ubuntu/BOPLUX_assets/Furniture/kenney_furniture-kit_kitchenCabinet.fbx
kenney furniture-kit kitchenCabinetCornerInner,https://kenney.nl/assets/furniture-kit,CC0 1.0,N,FBX,Not stated,"Furniture kit: chairs, tables, beds, cabinets and interior props.",Furniture,/home/ubuntu/BOPLUX_assets/Furniture/kenney_furniture-kit_kitchenCabinetCornerInner.fbx
kenney furniture-kit kitchenCabinetCornerRound,https://kenney.nl/assets/furniture-kit,CC0 1.0,N,FBX,Not stated,"Furniture kit: chairs, tables, beds, cabinets and interior props.",Furniture,/home/ubuntu/BOPLUX_assets/Furniture/kenney_furniture-kit_kitchenCabinetCornerRound.fbx
kenney furniture-kit kitchenCabinetDrawer,https://kenney.nl/assets/furniture-kit,CC0 1.0,N,FBX,Not stated,"Furniture kit: chairs, tables, beds, cabinets and interior props.",Furniture,/home/ubuntu/BOPLUX_assets/Furniture/kenney_furniture-kit_kitchenCabinetDrawer.fbx
kenney furniture-kit kitchenCabinetUpper,https://kenney.nl/assets/furniture-kit,CC0 1.0,N,FBX,Not stated,"Furniture kit: chairs, tables, beds, cabinets and interior props.",Furniture,/home/ubuntu/BOPLUX_assets/Furniture/kenney_furniture-kit_kitchenCabinetUpper.fbx
kenney furniture-kit kitchenCabinetUpperCorner,https://kenney.nl/assets/furniture-kit,CC0 1.0,N,FBX,Not stated,"Furniture kit: chairs, tables, beds, cabinets and interior props.",Furniture,/home/ubuntu/BOPLUX_assets/Furniture/kenney_furniture-kit_kitchenCabinetUpperCorner.fbx
kenney furniture-kit kitchenCabinetUpperDouble,https://kenney.nl/assets/furniture-kit,CC0 1.0,N,FBX,Not stated,"Furniture kit: chairs, tables, beds, cabinets and interior props.",Furniture,/home/ubuntu/BOPLUX_assets/Furniture/kenney_furniture-kit_kitchenCabinetUpperDouble.fbx
kenney furniture-kit kitchenCabinetUpperLow,https://kenney.nl/assets/furniture-kit,CC0 1.0,N,FBX,Not stated,"Furniture kit: chairs, tables, beds, cabinets and interior props.",Furniture,/home/ubuntu/BOPLUX_assets/Furniture/kenney_furniture-kit_kitchenCabinetUpperLow.fbx
kenney furniture-kit kitchenCoffeeMachine,https://kenney.nl/assets/furniture-kit,CC0 1.0,N,FBX,Not stated,"Furniture kit: chairs, tables, beds, cabinets and interior props.",Miscellaneous,/home/ubuntu/BOPLUX_assets/Miscellaneous/kenney_furniture-kit_kitchenCoffeeMachine.fbx
kenney furniture-kit kitchenFridge,https://kenney.nl/assets/furniture-kit,CC0 1.0,N,FBX,Not stated,"Furniture kit: chairs, tables, beds, cabinets and interior props.",Miscellaneous,/home/ubuntu/BOPLUX_assets/Miscellaneous/kenney_furniture-kit_kitchenFridge.fbx
kenney furniture-kit kitchenFridgeBuiltIn,https://kenney.nl/assets/furniture-kit,CC0 1.0,N,FBX,Not stated,"Furniture kit: chairs, tables, beds, cabinets and interior props.",Miscellaneous,/home/ubuntu/BOPLUX_assets/Miscellaneous/kenney_furniture-kit_kitchenFridgeBuiltIn.fbx
kenney furniture-kit kitchenFridgeLarge,https://kenney.nl/assets/furniture-kit,CC0 1.0,N,FBX,Not stated,"Furniture kit: chairs, tables, beds, cabinets and interior props.",Miscellaneous,/home/ubuntu/BOPLUX_assets/Miscellaneous/kenney_furniture-kit_kitchenFridgeLarge.fbx
kenney furniture-kit kitchenFridgeSmall,https://kenney.nl/assets/furniture-kit,CC0 1.0,N,FBX,Not stated,"Furniture kit: chairs, tables, beds, cabinets and interior props.",Miscellaneous,/home/ubuntu/BOPLUX_assets/Miscellaneous/kenney_furniture-kit_kitchenFridgeSmall.fbx
kenney furniture-kit kitchenMicrowave,https://kenney.nl/assets/furniture-kit,CC0 1.0,N,FBX,Not stated,"Furniture kit: chairs, tables, beds, cabinets and interior props.",Miscellaneous,/home/ubuntu/BOPLUX_assets/Miscellaneous/kenney_furniture-kit_kitchenMicrowave.fbx
kenney furniture-kit kitchenSink,https://kenney.nl/assets/furniture-kit,CC0 1.0,N,FBX,Not stated,"Furniture kit: chairs, tables, beds, cabinets and interior props.",Miscellaneous,/home/ubuntu/BOPLUX_assets/Miscellaneous/kenney_furniture-kit_kitchenSink.fbx
kenney furniture-kit kitchenStove,https://kenney.nl/assets/furniture-kit,CC0 1.0,N,FBX,Not stated,"Furniture kit: chairs, tables, beds, cabinets and interior props.",Miscellaneous,/home/ubuntu/BOPLUX_assets/Miscellaneous/kenney_furniture-kit_kitchenStove.fbx
kenney furniture-kit kitchenStoveElectric,https://kenney.nl/assets/furniture-kit,CC0 1.0,N,FBX,Not stated,"Furniture kit: chairs, tables, beds, cabinets and interior props.",Miscellaneous,/home/ubuntu/BOPLUX_assets/Miscellaneous/kenney_furniture-kit_kitchenStoveElectric.fbx
kenney furniture-kit lampRoundFloor,https://kenney.nl/assets/furniture-kit,CC0 1.0,N,FBX,Not stated,"Furniture kit: chairs, tables, beds, cabinets and interior props.",Lighting,/home/ubuntu/BOPLUX_assets/Lighting/kenney_furniture-kit_lampRoundFloor.fbx
kenney furniture-kit lampRoundTable,https://kenney.nl/assets/furniture-kit,CC0 1.0,N,FBX,Not stated,"Furniture kit: chairs, tables, beds, cabinets and interior props.",Furniture,/home/ubuntu/BOPLUX_assets/Furniture/kenney_furniture-kit_lampRoundTable.fbx
kenney furniture-kit lampSquareCeiling,https://kenney.nl/assets/furniture-kit,CC0 1.0,N,FBX,Not stated,"Furniture kit: chairs, tables, beds, cabinets and interior props.",Lighting,/home/ubuntu/BOPLUX_assets/Lighting/kenney_furniture-kit_lampSquareCeiling.fbx
kenney furniture-kit lampSquareFloor,https://kenney.nl/assets/furniture-kit,CC0 1.0,N,FBX,Not stated,"Furniture kit: chairs, tables, beds, cabinets and interior props.",Lighting,/home/ubuntu/BOPLUX_assets/Lighting/kenney_furniture-kit_lampSquareFloor.fbx
kenney furniture-kit lampSquareTable,https://kenney.nl/assets/furniture-kit,CC0 1.0,N,FBX,Not stated,"Furniture kit: chairs, tables, beds, cabinets and interior props.",Furniture,/home/ubuntu/BOPLUX_assets/Furniture/kenney_furniture-kit_lampSquareTable.fbx
kenney furniture-kit lampWall,https://kenney.nl/assets/furniture-kit,CC0 1.0,N,FBX,Not stated,"Furniture kit: chairs, tables, beds, cabinets and interior props.",Structural_Kit,/home/ubuntu/BOPLUX_assets/Structural_Kit/kenney_furniture-kit_lampWall.fbx
kenney furniture-kit laptop,https://kenney.nl/assets/furniture-kit,CC0 1.0,N,FBX,Not stated,"Furniture kit: chairs, tables, beds, cabinets and interior props.",Miscellaneous,/home/ubuntu/BOPLUX_assets/Miscellaneous/kenney_furniture-kit_laptop.fbx
kenney furniture-kit loungeChair,https://kenney.nl/assets/furniture-kit,CC0 1.0,N,FBX,Not stated,"Furniture kit: chairs, tables, beds, cabinets and interior props.",Furniture,/home/ubuntu/BOPLUX_assets/Furniture/kenney_furniture-kit_loungeChair.fbx
kenney furniture-kit loungeChairRelax,https://kenney.nl/assets/furniture-kit,CC0 1.0,N,FBX,Not stated,"Furniture kit: chairs, tables, beds, cabinets and interior props.",Furniture,/home/ubuntu/BOPLUX_assets/Furniture/kenney_furniture-kit_loungeChairRelax.fbx
kenney furniture-kit loungeDesignChair,https://kenney.nl/assets/furniture-kit,CC0 1.0,N,FBX,Not stated,"Furniture kit: chairs, tables, beds, cabinets and interior props.",Furniture,/home/ubuntu/BOPLUX_assets/Furniture/kenney_furniture-kit_loungeDesignChair.fbx
kenney furniture-kit loungeDesignSofa,https://kenney.nl/assets/furniture-kit,CC0 1.0,N,FBX,Not stated,"Furniture kit: chairs, tables, beds, cabinets and interior props.",Furniture,/home/ubuntu/BOPLUX_assets/Furniture/kenney_furniture-kit_loungeDesignSofa.fbx
kenney furniture-kit loungeDesignSofaCorner,https://kenney.nl/assets/furniture-kit,CC0 1.0,N,FBX,Not stated,"Furniture kit: chairs, tables, beds, cabinets and interior props.",Furniture,/home/ubuntu/BOPLUX_assets/Furniture/kenney_furniture-kit_loungeDesignSofaCorner.fbx
kenney furniture-kit loungeSofa,https://kenney.nl/assets/furniture-kit,CC0 1.0,N,FBX,Not stated,"Furniture kit: chairs, tables, beds, cabinets and interior props.",Furniture,/home/ubuntu/BOPLUX_assets/Furniture/kenney_furniture-kit_loungeSofa.fbx
kenney furniture-kit loungeSofaCorner,https://kenney.nl/assets/furniture-kit,CC0 1.0,N,FBX,Not stated,"Furniture kit: chairs, tables, beds, cabinets and interior props.",Furniture,/home/ubuntu/BOPLUX_assets/Furniture/kenney_furniture-kit_loungeSofaCorner.fbx
kenney furniture-kit loungeSofaLong,https://kenney.nl/assets/furniture-kit,CC0 1.0,N,FBX,Not stated,"Furniture kit: chairs, tables, beds, cabinets and interior props.",Furniture,/home/ubuntu/BOPLUX_assets/Furniture/kenney_furniture-kit_loungeSofaLong.fbx
kenney furniture-kit loungeSofaOttoman,https://kenney.nl/assets/furniture-kit,CC0 1.0,N,FBX,Not stated,"Furniture kit: chairs, tables, beds, cabinets and interior props.",Furniture,/home/ubuntu/BOPLUX_assets/Furniture/kenney_furniture-kit_loungeSofaOttoman.fbx
kenney furniture-kit paneling,https://kenney.nl/assets/furniture-kit,CC0 1.0,N,FBX,Not stated,"Furniture kit: chairs, tables, beds, cabinets and interior props.",Miscellaneous,/home/ubuntu/BOPLUX_assets/Miscellaneous/kenney_furniture-kit_paneling.fbx
kenney furniture-kit pillow,https://kenney.nl/assets/furniture-kit,CC0 1.0,N,FBX,Not stated,"Furniture kit: chairs, tables, beds, cabinets and interior props.",Miscellaneous,/home/ubuntu/BOPLUX_assets/Miscellaneous/kenney_furniture-kit_pillow.fbx
kenney furniture-kit pillowBlue,https://kenney.nl/assets/furniture-kit,CC0 1.0,N,FBX,Not stated,"Furniture kit: chairs, tables, beds, cabinets and interior props.",Miscellaneous,/home/ubuntu/BOPLUX_assets/Miscellaneous/kenney_furniture-kit_pillowBlue.fbx
kenney furniture-kit pillowBlueLong,https://kenney.nl/assets/furniture-kit,CC0 1.0,N,FBX,Not stated,"Furniture kit: chairs, tables, beds, cabinets and interior props.",Miscellaneous,/home/ubuntu/BOPLUX_assets/Miscellaneous/kenney_furniture-kit_pillowBlueLong.fbx
kenney furniture-kit pillowLong,https://kenney.nl/assets/furniture-kit,CC0 1.0,N,FBX,Not stated,"Furniture kit: chairs, tables, beds, cabinets and interior props.",Miscellaneous,/home/ubuntu/BOPLUX_assets/Miscellaneous/kenney_furniture-kit_pillowLong.fbx
kenney furniture-kit plantSmall1,https://kenney.nl/assets/furniture-kit,CC0 1.0,N,FBX,Not stated,"Furniture kit: chairs, tables, beds, cabinets and interior props.",Vegetation,/home/ubuntu/BOPLUX_assets/Vegetation/kenney_furniture-kit_plantSmall1.fbx
kenney furniture-kit plantSmall2,https://kenney.nl/assets/furniture-kit,CC0 1.0,N,FBX,Not stated,"Furniture kit: chairs, tables, beds, cabinets and interior props.",Vegetation,/home/ubuntu/BOPLUX_assets/Vegetation/kenney_furniture-kit_plantSmall2.fbx
kenney furniture-kit plantSmall3,https://kenney.nl/assets/furniture-kit,CC0 1.0,N,FBX,Not stated,"Furniture kit: chairs, tables, beds, cabinets and interior props.",Vegetation,/home/ubuntu/BOPLUX_assets/Vegetation/kenney_furniture-kit_plantSmall3.fbx
kenney furniture-kit pottedPlant,https://kenney.nl/assets/furniture-kit,CC0 1.0,N,FBX,Not stated,"Furniture kit: chairs, tables, beds, cabinets and interior props.",Vegetation,/home/ubuntu/BOPLUX_assets/Vegetation/kenney_furniture-kit_pottedPlant.fbx
kenney furniture-kit radio,https://kenney.nl/assets/furniture-kit,CC0 1.0,N,FBX,Not stated,"Furniture kit: chairs, tables, beds, cabinets and interior props.",Miscellaneous,/home/ubuntu/BOPLUX_assets/Miscellaneous/kenney_furniture-kit_radio.fbx
kenney furniture-kit rugDoormat,https://kenney.nl/assets/furniture-kit,CC0 1.0,N,FBX,Not stated,"Furniture kit: chairs, tables, beds, cabinets and interior props.",Structural_Kit,/home/ubuntu/BOPLUX_assets/Structural_Kit/kenney_furniture-kit_rugDoormat.fbx
kenney furniture-kit rugRectangle,https://kenney.nl/assets/furniture-kit,CC0 1.0,N,FBX,Not stated,"Furniture kit: chairs, tables, beds, cabinets and interior props.",Miscellaneous,/home/ubuntu/BOPLUX_assets/Miscellaneous/kenney_furniture-kit_rugRectangle.fbx
kenney furniture-kit rugRound,https://kenney.nl/assets/furniture-kit,CC0 1.0,N,FBX,Not stated,"Furniture kit: chairs, tables, beds, cabinets and interior props.",Rocks_Terrain,/home/ubuntu/BOPLUX_assets/Rocks_Terrain/kenney_furniture-kit_rugRound.fbx
kenney furniture-kit rugRounded,https://kenney.nl/assets/furniture-kit,CC0 1.0,N,FBX,Not stated,"Furniture kit: chairs, tables, beds, cabinets and interior props.",Rocks_Terrain,/home/ubuntu/BOPLUX_assets/Rocks_Terrain/kenney_furniture-kit_rugRounded.fbx
kenney furniture-kit rugSquare,https://kenney.nl/assets/furniture-kit,CC0 1.0,N,FBX,Not stated,"Furniture kit: chairs, tables, beds, cabinets and interior props.",Miscellaneous,/home/ubuntu/BOPLUX_assets/Miscellaneous/kenney_furniture-kit_rugSquare.fbx
kenney furniture-kit shower,https://kenney.nl/assets/furniture-kit,CC0 1.0,N,FBX,Not stated,"Furniture kit: chairs, tables, beds, cabinets and interior props.",Miscellaneous,/home/ubuntu/BOPLUX_assets/Miscellaneous/kenney_furniture-kit_shower.fbx
kenney furniture-kit showerRound,https://kenney.nl/assets/furniture-kit,CC0 1.0,N,FBX,Not stated,"Furniture kit: chairs, tables, beds, cabinets and interior props.",Miscellaneous,/home/ubuntu/BOPLUX_assets/Miscellaneous/kenney_furniture-kit_showerRound.fbx
kenney furniture-kit sideTable,https://kenney.nl/assets/furniture-kit,CC0 1.0,N,FBX,Not stated,"Furniture kit: chairs, tables, beds, cabinets and interior props.",Furniture,/home/ubuntu/BOPLUX_assets/Furniture/kenney_furniture-kit_sideTable.fbx
kenney furniture-kit sideTableDrawers,https://kenney.nl/assets/furniture-kit,CC0 1.0,N,FBX,Not stated,"Furniture kit: chairs, tables, beds, cabinets and interior props.",Furniture,/home/ubuntu/BOPLUX_assets/Furniture/kenney_furniture-kit_sideTableDrawers.fbx
kenney furniture-kit speaker,https://kenney.nl/assets/furniture-kit,CC0 1.0,N,FBX,Not stated,"Furniture kit: chairs, tables, beds, cabinets and interior props.",Miscellaneous,/home/ubuntu/BOPLUX_assets/Miscellaneous/kenney_furniture-kit_speaker.fbx
kenney furniture-kit speakerSmall,https://kenney.nl/assets/furniture-kit,CC0 1.0,N,FBX,Not stated,"Furniture kit: chairs, tables, beds, cabinets and interior props.",Miscellaneous,/home/ubuntu/BOPLUX_assets/Miscellaneous/kenney_furniture-kit_speakerSmall.fbx
kenney furniture-kit stairs,https://kenney.nl/assets/furniture-kit,CC0 1.0,N,FBX,Not stated,"Furniture kit: chairs, tables, beds, cabinets and interior props.",Miscellaneous,/home/ubuntu/BOPLUX_assets/Miscellaneous/kenney_furniture-kit_stairs.fbx
kenney furniture-kit stairsCorner,https://kenney.nl/assets/furniture-kit,CC0 1.0,N,FBX,Not stated,"Furniture kit: chairs, tables, beds, cabinets and interior props.",Miscellaneous,/home/ubuntu/BOPLUX_assets/Miscellaneous/kenney_furniture-kit_stairsCorner.fbx
kenney furniture-kit stairsOpen,https://kenney.nl/assets/furniture-kit,CC0 1.0,N,FBX,Not stated,"Furniture kit: chairs, tables, beds, cabinets and interior props.",Miscellaneous,/home/ubuntu/BOPLUX_assets/Miscellaneous/kenney_furniture-kit_stairsOpen.fbx
kenney furniture-kit stairsOpenSingle,https://kenney.nl/assets/furniture-kit,CC0 1.0,N,FBX,Not stated,"Furniture kit: chairs, tables, beds, cabinets and interior props.",Miscellaneous,/home/ubuntu/BOPLUX_assets/Miscellaneous/kenney_furniture-kit_stairsOpenSingle.fbx
kenney furniture-kit stoolBar,https://kenney.nl/assets/furniture-kit,CC0 1.0,N,FBX,Not stated,"Furniture kit: chairs, tables, beds, cabinets and interior props.",Furniture,/home/ubuntu/BOPLUX_assets/Furniture/kenney_furniture-kit_stoolBar.fbx
kenney furniture-kit stoolBarSquare,https://kenney.nl/assets/furniture-kit,CC0 1.0,N,FBX,Not stated,"Furniture kit: chairs, tables, beds, cabinets and interior props.",Furniture,/home/ubuntu/BOPLUX_assets/Furniture/kenney_furniture-kit_stoolBarSquare.fbx
kenney furniture-kit table,https://kenney.nl/assets/furniture-kit,CC0 1.0,N,FBX,Not stated,"Furniture kit: chairs, tables, beds, cabinets and interior props.",Furniture,/home/ubuntu/BOPLUX_assets/Furniture/kenney_furniture-kit_table.fbx
kenney furniture-kit tableCloth,https://kenney.nl/assets/furniture-kit,CC0 1.0,N,FBX,Not stated,"Furniture kit: chairs, tables, beds, cabinets and interior props.",Furniture,/home/ubuntu/BOPLUX_assets/Furniture/kenney_furniture-kit_tableCloth.fbx
kenney furniture-kit tableCoffee,https://kenney.nl/assets/furniture-kit,CC0 1.0,N,FBX,Not stated,"Furniture kit: chairs, tables, beds, cabinets and interior props.",Furniture,/home/ubuntu/BOPLUX_assets/Furniture/kenney_furniture-kit_tableCoffee.fbx
kenney furniture-kit tableCoffeeGlass,https://kenney.nl/assets/furniture-kit,CC0 1.0,N,FBX,Not stated,"Furniture kit: chairs, tables, beds, cabinets and interior props.",Furniture,/home/ubuntu/BOPLUX_assets/Furniture/kenney_furniture-kit_tableCoffeeGlass.fbx
kenney furniture-kit tableCoffeeGlassSquare,https://kenney.nl/assets/furniture-kit,CC0 1.0,N,FBX,Not stated,"Furniture kit: chairs, tables, beds, cabinets and interior props.",Furniture,/home/ubuntu/BOPLUX_assets/Furniture/kenney_furniture-kit_tableCoffeeGlassSquare.fbx
kenney furniture-kit tableCoffeeSquare,https://kenney.nl/assets/furniture-kit,CC0 1.0,N,FBX,Not stated,"Furniture kit: chairs, tables, beds, cabinets and interior props.",Furniture,/home/ubuntu/BOPLUX_assets/Furniture/kenney_furniture-kit_tableCoffeeSquare.fbx
kenney furniture-kit tableCross,https://kenney.nl/assets/furniture-kit,CC0 1.0,N,FBX,Not stated,"Furniture kit: chairs, tables, beds, cabinets and interior props.",Furniture,/home/ubuntu/BOPLUX_assets/Furniture/kenney_furniture-kit_tableCross.fbx
kenney furniture-kit tableCrossCloth,https://kenney.nl/assets/furniture-kit,CC0 1.0,N,FBX,Not stated,"Furniture kit: chairs, tables, beds, cabinets and interior props.",Furniture,/home/ubuntu/BOPLUX_assets/Furniture/kenney_furniture-kit_tableCrossCloth.fbx
kenney furniture-kit tableGlass,https://kenney.nl/assets/furniture-kit,CC0 1.0,N,FBX,Not stated,"Furniture kit: chairs, tables, beds, cabinets and interior props.",Furniture,/home/ubuntu/BOPLUX_assets/Furniture/kenney_furniture-kit_tableGlass.fbx
kenney furniture-kit tableRound,https://kenney.nl/assets/furniture-kit,CC0 1.0,N,FBX,Not stated,"Furniture kit: chairs, tables, beds, cabinets and interior props.",Furniture,/home/ubuntu/BOPLUX_assets/Furniture/kenney_furniture-kit_tableRound.fbx
kenney furniture-kit televisionAntenna,https://kenney.nl/assets/furniture-kit,CC0 1.0,N,FBX,Not stated,"Furniture kit: chairs, tables, beds, cabinets and interior props.",Miscellaneous,/home/ubuntu/BOPLUX_assets/Miscellaneous/kenney_furniture-kit_televisionAntenna.fbx
kenney furniture-kit televisionModern,https://kenney.nl/assets/furniture-kit,CC0 1.0,N,FBX,Not stated,"Furniture kit: chairs, tables, beds, cabinets and interior props.",Miscellaneous,/home/ubuntu/BOPLUX_assets/Miscellaneous/kenney_furniture-kit_televisionModern.fbx
kenney furniture-kit televisionVintage,https://kenney.nl/assets/furniture-kit,CC0 1.0,N,FBX,Not stated,"Furniture kit: chairs, tables, beds, cabinets and interior props.",Miscellaneous,/home/ubuntu/BOPLUX_assets/Miscellaneous/kenney_furniture-kit_televisionVintage.fbx
kenney furniture-kit toaster,https://kenney.nl/assets/furniture-kit,CC0 1.0,N,FBX,Not stated,"Furniture kit: chairs, tables, beds, cabinets and interior props.",Miscellaneous,/home/ubuntu/BOPLUX_assets/Miscellaneous/kenney_furniture-kit_toaster.fbx
kenney furniture-kit toilet,https://kenney.nl/assets/furniture-kit,CC0 1.0,N,FBX,Not stated,"Furniture kit: chairs, tables, beds, cabinets and interior props.",Miscellaneous,/home/ubuntu/BOPLUX_assets/Miscellaneous/kenney_furniture-kit_toilet.fbx
kenney furniture-kit toiletSquare,https://kenney.nl/assets/furniture-kit,CC0 1.0,N,FBX,Not stated,"Furniture kit: chairs, tables, beds, cabinets and interior props.",Miscellaneous,/home/ubuntu/BOPLUX_assets/Miscellaneous/kenney_furniture-kit_toiletSquare.fbx
kenney furniture-kit trashcan,https://kenney.nl/assets/furniture-kit,CC0 1.0,N,FBX,Not stated,"Furniture kit: chairs, tables, beds, cabinets and interior props.",Crates_Barrels_Clutter,/home/ubuntu/BOPLUX_assets/Crates_Barrels_Clutter/kenney_furniture-kit_trashcan.fbx
kenney furniture-kit wall,https://kenney.nl/assets/furniture-kit,CC0 1.0,N,FBX,Not stated,"Furniture kit: chairs, tables, beds, cabinets and interior props.",Structural_Kit,/home/ubuntu/BOPLUX_assets/Structural_Kit/kenney_furniture-kit_wall.fbx
kenney furniture-kit wallCorner,https://kenney.nl/assets/furniture-kit,CC0 1.0,N,FBX,Not stated,"Furniture kit: chairs, tables, beds, cabinets and interior props.",Structural_Kit,/home/ubuntu/BOPLUX_assets/Structural_Kit/kenney_furniture-kit_wallCorner.fbx
kenney furniture-kit wallCornerRond,https://kenney.nl/assets/furniture-kit,CC0 1.0,N,FBX,Not stated,"Furniture kit: chairs, tables, beds, cabinets and interior props.",Structural_Kit,/home/ubuntu/BOPLUX_assets/Structural_Kit/kenney_furniture-kit_wallCornerRond.fbx
kenney furniture-kit wallDoorway,https://kenney.nl/assets/furniture-kit,CC0 1.0,N,FBX,Not stated,"Furniture kit: chairs, tables, beds, cabinets and interior props.",Structural_Kit,/home/ubuntu/BOPLUX_assets/Structural_Kit/kenney_furniture-kit_wallDoorway.fbx
kenney furniture-kit wallDoorwayWide,https://kenney.nl/assets/furniture-kit,CC0 1.0,N,FBX,Not stated,"Furniture kit: chairs, tables, beds, cabinets and interior props.",Structural_Kit,/home/ubuntu/BOPLUX_assets/Structural_Kit/kenney_furniture-kit_wallDoorwayWide.fbx
kenney furniture-kit wallHalf,https://kenney.nl/assets/furniture-kit,CC0 1.0,N,FBX,Not stated,"Furniture kit: chairs, tables, beds, cabinets and interior props.",Structural_Kit,/home/ubuntu/BOPLUX_assets/Structural_Kit/kenney_furniture-kit_wallHalf.fbx
kenney furniture-kit wallWindow,https://kenney.nl/assets/furniture-kit,CC0 1.0,N,FBX,Not stated,"Furniture kit: chairs, tables, beds, cabinets and interior props.",Structural_Kit,/home/ubuntu/BOPLUX_assets/Structural_Kit/kenney_furniture-kit_wallWindow.fbx
kenney furniture-kit wallWindowSlide,https://kenney.nl/assets/furniture-kit,CC0 1.0,N,FBX,Not stated,"Furniture kit: chairs, tables, beds, cabinets and interior props.",Structural_Kit,/home/ubuntu/BOPLUX_assets/Structural_Kit/kenney_furniture-kit_wallWindowSlide.fbx
kenney furniture-kit washer,https://kenney.nl/assets/furniture-kit,CC0 1.0,N,FBX,Not stated,"Furniture kit: chairs, tables, beds, cabinets and interior props.",Miscellaneous,/home/ubuntu/BOPLUX_assets/Miscellaneous/kenney_furniture-kit_washer.fbx
kenney furniture-kit washerDryerStacked,https://kenney.nl/assets/furniture-kit,CC0 1.0,N,FBX,Not stated,"Furniture kit: chairs, tables, beds, cabinets and interior props.",Miscellaneous,/home/ubuntu/BOPLUX_assets/Miscellaneous/kenney_furniture-kit_washerDryerStacked.fbx
kenney furniture-kit bathroomCabinet,https://kenney.nl/assets/furniture-kit,CC0 1.0,N,GLB,Not stated,"Furniture kit: chairs, tables, beds, cabinets and interior props.",Furniture,/home/ubuntu/BOPLUX_assets/Furniture/kenney_furniture-kit_bathroomCabinet.glb
kenney furniture-kit bathroomCabinetDrawer,https://kenney.nl/assets/furniture-kit,CC0 1.0,N,GLB,Not stated,"Furniture kit: chairs, tables, beds, cabinets and interior props.",Furniture,/home/ubuntu/BOPLUX_assets/Furniture/kenney_furniture-kit_bathroomCabinetDrawer.glb
kenney furniture-kit bathroomMirror,https://kenney.nl/assets/furniture-kit,CC0 1.0,N,GLB,Not stated,"Furniture kit: chairs, tables, beds, cabinets and interior props.",Miscellaneous,/home/ubuntu/BOPLUX_assets/Miscellaneous/kenney_furniture-kit_bathroomMirror.glb
kenney furniture-kit bathroomSink,https://kenney.nl/assets/furniture-kit,CC0 1.0,N,GLB,Not stated,"Furniture kit: chairs, tables, beds, cabinets and interior props.",Miscellaneous,/home/ubuntu/BOPLUX_assets/Miscellaneous/kenney_furniture-kit_bathroomSink.glb
kenney furniture-kit bathroomSinkSquare,https://kenney.nl/assets/furniture-kit,CC0 1.0,N,GLB,Not stated,"Furniture kit: chairs, tables, beds, cabinets and interior props.",Miscellaneous,/home/ubuntu/BOPLUX_assets/Miscellaneous/kenney_furniture-kit_bathroomSinkSquare.glb
kenney furniture-kit bathtub,https://kenney.nl/assets/furniture-kit,CC0 1.0,N,GLB,Not stated,"Furniture kit: chairs, tables, beds, cabinets and interior props.",Miscellaneous,/home/ubuntu/BOPLUX_assets/Miscellaneous/kenney_furniture-kit_bathtub.glb
kenney furniture-kit bear,https://kenney.nl/assets/furniture-kit,CC0 1.0,N,GLB,Not stated,"Furniture kit: chairs, tables, beds, cabinets and interior props.",Miscellaneous,/home/ubuntu/BOPLUX_assets/Miscellaneous/kenney_furniture-kit_bear.glb
kenney furniture-kit bedBunk,https://kenney.nl/assets/furniture-kit,CC0 1.0,N,GLB,Not stated,"Furniture kit: chairs, tables, beds, cabinets and interior props.",Furniture,/home/ubuntu/BOPLUX_assets/Furniture/kenney_furniture-kit_bedBunk.glb
kenney furniture-kit bedDouble,https://kenney.nl/assets/furniture-kit,CC0 1.0,N,GLB,Not stated,"Furniture kit: chairs, tables, beds, cabinets and interior props.",Furniture,/home/ubuntu/BOPLUX_assets/Furniture/kenney_furniture-kit_bedDouble.glb
kenney furniture-kit bedSingle,https://kenney.nl/assets/furniture-kit,CC0 1.0,N,GLB,Not stated,"Furniture kit: chairs, tables, beds, cabinets and interior props.",Furniture,/home/ubuntu/BOPLUX_assets/Furniture/kenney_furniture-kit_bedSingle.glb
kenney furniture-kit bench,https://kenney.nl/assets/furniture-kit,CC0 1.0,N,GLB,Not stated,"Furniture kit: chairs, tables, beds, cabinets and interior props.",Furniture,/home/ubuntu/BOPLUX_assets/Furniture/kenney_furniture-kit_bench.glb
kenney furniture-kit benchCushion,https://kenney.nl/assets/furniture-kit,CC0 1.0,N,GLB,Not stated,"Furniture kit: chairs, tables, beds, cabinets and interior props.",Furniture,/home/ubuntu/BOPLUX_assets/Furniture/kenney_furniture-kit_benchCushion.glb
kenney furniture-kit benchCushionLow,https://kenney.nl/assets/furniture-kit,CC0 1.0,N,GLB,Not stated,"Furniture kit: chairs, tables, beds, cabinets and interior props.",Furniture,/home/ubuntu/BOPLUX_assets/Furniture/kenney_furniture-kit_benchCushionLow.glb
kenney furniture-kit bookcaseClosed,https://kenney.nl/assets/furniture-kit,CC0 1.0,N,GLB,Not stated,"Furniture kit: chairs, tables, beds, cabinets and interior props.",Miscellaneous,/home/ubuntu/BOPLUX_assets/Miscellaneous/kenney_furniture-kit_bookcaseClosed.glb
kenney furniture-kit bookcaseClosedDoors,https://kenney.nl/assets/furniture-kit,CC0 1.0,N,GLB,Not stated,"Furniture kit: chairs, tables, beds, cabinets and interior props.",Structural_Kit,/home/ubuntu/BOPLUX_assets/Structural_Kit/kenney_furniture-kit_bookcaseClosedDoors.glb
kenney furniture-kit bookcaseClosedWide,https://kenney.nl/assets/furniture-kit,CC0 1.0,N,GLB,Not stated,"Furniture kit: chairs, tables, beds, cabinets and interior props.",Miscellaneous,/home/ubuntu/BOPLUX_assets/Miscellaneous/kenney_furniture-kit_bookcaseClosedWide.glb
kenney furniture-kit bookcaseOpen,https://kenney.nl/assets/furniture-kit,CC0 1.0,N,GLB,Not stated,"Furniture kit: chairs, tables, beds, cabinets and interior props.",Miscellaneous,/home/ubuntu/BOPLUX_assets/Miscellaneous/kenney_furniture-kit_bookcaseOpen.glb
kenney furniture-kit bookcaseOpenLow,https://kenney.nl/assets/furniture-kit,CC0 1.0,N,GLB,Not stated,"Furniture kit: chairs, tables, beds, cabinets and interior props.",Miscellaneous,/home/ubuntu/BOPLUX_assets/Miscellaneous/kenney_furniture-kit_bookcaseOpenLow.glb
kenney furniture-kit books,https://kenney.nl/assets/furniture-kit,CC0 1.0,N,GLB,Not stated,"Furniture kit: chairs, tables, beds, cabinets and interior props.",Miscellaneous,/home/ubuntu/BOPLUX_assets/Miscellaneous/kenney_furniture-kit_books.glb
kenney furniture-kit cabinetBed,https://kenney.nl/assets/furniture-kit,CC0 1.0,N,GLB,Not stated,"Furniture kit: chairs, tables, beds, cabinets and interior props.",Furniture,/home/ubuntu/BOPLUX_assets/Furniture/kenney_furniture-kit_cabinetBed.glb
kenney furniture-kit cabinetBedDrawer,https://kenney.nl/assets/furniture-kit,CC0 1.0,N,GLB,Not stated,"Furniture kit: chairs, tables, beds, cabinets and interior props.",Furniture,/home/ubuntu/BOPLUX_assets/Furniture/kenney_furniture-kit_cabinetBedDrawer.glb
kenney furniture-kit cabinetBedDrawerTable,https://kenney.nl/assets/furniture-kit,CC0 1.0,N,GLB,Not stated,"Furniture kit: chairs, tables, beds, cabinets and interior props.",Furniture,/home/ubuntu/BOPLUX_assets/Furniture/kenney_furniture-kit_cabinetBedDrawerTable.glb
kenney furniture-kit cabinetTelevision,https://kenney.nl/assets/furniture-kit,CC0 1.0,N,GLB,Not stated,"Furniture kit: chairs, tables, beds, cabinets and interior props.",Furniture,/home/ubuntu/BOPLUX_assets/Furniture/kenney_furniture-kit_cabinetTelevision.glb
kenney furniture-kit cabinetTelevisionDoors,https://kenney.nl/assets/furniture-kit,CC0 1.0,N,GLB,Not stated,"Furniture kit: chairs, tables, beds, cabinets and interior props.",Structural_Kit,/home/ubuntu/BOPLUX_assets/Structural_Kit/kenney_furniture-kit_cabinetTelevisionDoors.glb
kenney furniture-kit cardboardBoxClosed,https://kenney.nl/assets/furniture-kit,CC0 1.0,N,GLB,Not stated,"Furniture kit: chairs, tables, beds, cabinets and interior props.",Crates_Barrels_Clutter,/home/ubuntu/BOPLUX_assets/Crates_Barrels_Clutter/kenney_furniture-kit_cardboardBoxClosed.glb
kenney furniture-kit cardboardBoxOpen,https://kenney.nl/assets/furniture-kit,CC0 1.0,N,GLB,Not stated,"Furniture kit: chairs, tables, beds, cabinets and interior props.",Crates_Barrels_Clutter,/home/ubuntu/BOPLUX_assets/Crates_Barrels_Clutter/kenney_furniture-kit_cardboardBoxOpen.glb
kenney furniture-kit ceilingFan,https://kenney.nl/assets/furniture-kit,CC0 1.0,N,GLB,Not stated,"Furniture kit: chairs, tables, beds, cabinets and interior props.",Miscellaneous,/home/ubuntu/BOPLUX_assets/Miscellaneous/kenney_furniture-kit_ceilingFan.glb
kenney furniture-kit chair,https://kenney.nl/assets/furniture-kit,CC0 1.0,N,GLB,Not stated,"Furniture kit: chairs, tables, beds, cabinets and interior props.",Furniture,/home/ubuntu/BOPLUX_assets/Furniture/kenney_furniture-kit_chair.glb
kenney furniture-kit chairCushion,https://kenney.nl/assets/furniture-kit,CC0 1.0,N,GLB,Not stated,"Furniture kit: chairs, tables, beds, cabinets and interior props.",Furniture,/home/ubuntu/BOPLUX_assets/Furniture/kenney_furniture-kit_chairCushion.glb
kenney furniture-kit chairDesk,https://kenney.nl/assets/furniture-kit,CC0 1.0,N,GLB,Not stated,"Furniture kit: chairs, tables, beds, cabinets and interior props.",Furniture,/home/ubuntu/BOPLUX_assets/Furniture/kenney_furniture-kit_chairDesk.glb
kenney furniture-kit chairModernCushion,https://kenney.nl/assets/furniture-kit,CC0 1.0,N,GLB,Not stated,"Furniture kit: chairs, tables, beds, cabinets and interior props.",Furniture,/home/ubuntu/BOPLUX_assets/Furniture/kenney_furniture-kit_chairModernCushion.glb
kenney furniture-kit chairModernFrameCushion,https://kenney.nl/assets/furniture-kit,CC0 1.0,N,GLB,Not stated,"Furniture kit: chairs, tables, beds, cabinets and interior props.",Furniture,/home/ubuntu/BOPLUX_assets/Furniture/kenney_furniture-kit_chairModernFrameCushion.glb
kenney furniture-kit chairRounded,https://kenney.nl/assets/furniture-kit,CC0 1.0,N,GLB,Not stated,"Furniture kit: chairs, tables, beds, cabinets and interior props.",Furniture,/home/ubuntu/BOPLUX_assets/Furniture/kenney_furniture-kit_chairRounded.glb
kenney furniture-kit coatRack,https://kenney.nl/assets/furniture-kit,CC0 1.0,N,GLB,Not stated,"Furniture kit: chairs, tables, beds, cabinets and interior props.",Miscellaneous,/home/ubuntu/BOPLUX_assets/Miscellaneous/kenney_furniture-kit_coatRack.glb
kenney furniture-kit coatRackStanding,https://kenney.nl/assets/furniture-kit,CC0 1.0,N,GLB,Not stated,"Furniture kit: chairs, tables, beds, cabinets and interior props.",Miscellaneous,/home/ubuntu/BOPLUX_assets/Miscellaneous/kenney_furniture-kit_coatRackStanding.glb
kenney furniture-kit computerKeyboard,https://kenney.nl/assets/furniture-kit,CC0 1.0,N,GLB,Not stated,"Furniture kit: chairs, tables, beds, cabinets and interior props.",Miscellaneous,/home/ubuntu/BOPLUX_assets/Miscellaneous/kenney_furniture-kit_computerKeyboard.glb
kenney furniture-kit computerMouse,https://kenney.nl/assets/furniture-kit,CC0 1.0,N,GLB,Not stated,"Furniture kit: chairs, tables, beds, cabinets and interior props.",Miscellaneous,/home/ubuntu/BOPLUX_assets/Miscellaneous/kenney_furniture-kit_computerMouse.glb
kenney furniture-kit computerScreen,https://kenney.nl/assets/furniture-kit,CC0 1.0,N,GLB,Not stated,"Furniture kit: chairs, tables, beds, cabinets and interior props.",Miscellaneous,/home/ubuntu/BOPLUX_assets/Miscellaneous/kenney_furniture-kit_computerScreen.glb
kenney furniture-kit desk,https://kenney.nl/assets/furniture-kit,CC0 1.0,N,GLB,Not stated,"Furniture kit: chairs, tables, beds, cabinets and interior props.",Furniture,/home/ubuntu/BOPLUX_assets/Furniture/kenney_furniture-kit_desk.glb
kenney furniture-kit deskCorner,https://kenney.nl/assets/furniture-kit,CC0 1.0,N,GLB,Not stated,"Furniture kit: chairs, tables, beds, cabinets and interior props.",Furniture,/home/ubuntu/BOPLUX_assets/Furniture/kenney_furniture-kit_deskCorner.glb
kenney furniture-kit doorway,https://kenney.nl/assets/furniture-kit,CC0 1.0,N,GLB,Not stated,"Furniture kit: chairs, tables, beds, cabinets and interior props.",Structural_Kit,/home/ubuntu/BOPLUX_assets/Structural_Kit/kenney_furniture-kit_doorway.glb
kenney furniture-kit doorwayFront,https://kenney.nl/assets/furniture-kit,CC0 1.0,N,GLB,Not stated,"Furniture kit: chairs, tables, beds, cabinets and interior props.",Structural_Kit,/home/ubuntu/BOPLUX_assets/Structural_Kit/kenney_furniture-kit_doorwayFront.glb
kenney furniture-kit doorwayOpen,https://kenney.nl/assets/furniture-kit,CC0 1.0,N,GLB,Not stated,"Furniture kit: chairs, tables, beds, cabinets and interior props.",Structural_Kit,/home/ubuntu/BOPLUX_assets/Structural_Kit/kenney_furniture-kit_doorwayOpen.glb
kenney furniture-kit dryer,https://kenney.nl/assets/furniture-kit,CC0 1.0,N,GLB,Not stated,"Furniture kit: chairs, tables, beds, cabinets and interior props.",Miscellaneous,/home/ubuntu/BOPLUX_assets/Miscellaneous/kenney_furniture-kit_dryer.glb
kenney furniture-kit floorCorner,https://kenney.nl/assets/furniture-kit,CC0 1.0,N,GLB,Not stated,"Furniture kit: chairs, tables, beds, cabinets and interior props.",Miscellaneous,/home/ubuntu/BOPLUX_assets/Miscellaneous/kenney_furniture-kit_floorCorner.glb
kenney furniture-kit floorCornerRound,https://kenney.nl/assets/furniture-kit,CC0 1.0,N,GLB,Not stated,"Furniture kit: chairs, tables, beds, cabinets and interior props.",Miscellaneous,/home/ubuntu/BOPLUX_assets/Miscellaneous/kenney_furniture-kit_floorCornerRound.glb
kenney furniture-kit floorFull,https://kenney.nl/assets/furniture-kit,CC0 1.0,N,GLB,Not stated,"Furniture kit: chairs, tables, beds, cabinets and interior props.",Miscellaneous,/home/ubuntu/BOPLUX_assets/Miscellaneous/kenney_furniture-kit_floorFull.glb
kenney furniture-kit floorHalf,https://kenney.nl/assets/furniture-kit,CC0 1.0,N,GLB,Not stated,"Furniture kit: chairs, tables, beds, cabinets and interior props.",Miscellaneous,/home/ubuntu/BOPLUX_assets/Miscellaneous/kenney_furniture-kit_floorHalf.glb
kenney furniture-kit hoodLarge,https://kenney.nl/assets/furniture-kit,CC0 1.0,N,GLB,Not stated,"Furniture kit: chairs, tables, beds, cabinets and interior props.",Miscellaneous,/home/ubuntu/BOPLUX_assets/Miscellaneous/kenney_furniture-kit_hoodLarge.glb
kenney furniture-kit hoodModern,https://kenney.nl/assets/furniture-kit,CC0 1.0,N,GLB,Not stated,"Furniture kit: chairs, tables, beds, cabinets and interior props.",Miscellaneous,/home/ubuntu/BOPLUX_assets/Miscellaneous/kenney_furniture-kit_hoodModern.glb
kenney furniture-kit kitchenBar,https://kenney.nl/assets/furniture-kit,CC0 1.0,N,GLB,Not stated,"Furniture kit: chairs, tables, beds, cabinets and interior props.",Miscellaneous,/home/ubuntu/BOPLUX_assets/Miscellaneous/kenney_furniture-kit_kitchenBar.glb
kenney furniture-kit kitchenBarEnd,https://kenney.nl/assets/furniture-kit,CC0 1.0,N,GLB,Not stated,"Furniture kit: chairs, tables, beds, cabinets and interior props.",Miscellaneous,/home/ubuntu/BOPLUX_assets/Miscellaneous/kenney_furniture-kit_kitchenBarEnd.glb
kenney furniture-kit kitchenBlender,https://kenney.nl/assets/furniture-kit,CC0 1.0,N,GLB,Not stated,"Furniture kit: chairs, tables, beds, cabinets and interior props.",Miscellaneous,/home/ubuntu/BOPLUX_assets/Miscellaneous/kenney_furniture-kit_kitchenBlender.glb
kenney furniture-kit kitchenCabinet,https://kenney.nl/assets/furniture-kit,CC0 1.0,N,GLB,Not stated,"Furniture kit: chairs, tables, beds, cabinets and interior props.",Furniture,/home/ubuntu/BOPLUX_assets/Furniture/kenney_furniture-kit_kitchenCabinet.glb
kenney furniture-kit kitchenCabinetCornerInner,https://kenney.nl/assets/furniture-kit,CC0 1.0,N,GLB,Not stated,"Furniture kit: chairs, tables, beds, cabinets and interior props.",Furniture,/home/ubuntu/BOPLUX_assets/Furniture/kenney_furniture-kit_kitchenCabinetCornerInner.glb
kenney furniture-kit kitchenCabinetCornerRound,https://kenney.nl/assets/furniture-kit,CC0 1.0,N,GLB,Not stated,"Furniture kit: chairs, tables, beds, cabinets and interior props.",Furniture,/home/ubuntu/BOPLUX_assets/Furniture/kenney_furniture-kit_kitchenCabinetCornerRound.glb
kenney furniture-kit kitchenCabinetDrawer,https://kenney.nl/assets/furniture-kit,CC0 1.0,N,GLB,Not stated,"Furniture kit: chairs, tables, beds, cabinets and interior props.",Furniture,/home/ubuntu/BOPLUX_assets/Furniture/kenney_furniture-kit_kitchenCabinetDrawer.glb
kenney furniture-kit kitchenCabinetUpper,https://kenney.nl/assets/furniture-kit,CC0 1.0,N,GLB,Not stated,"Furniture kit: chairs, tables, beds, cabinets and interior props.",Furniture,/home/ubuntu/BOPLUX_assets/Furniture/kenney_furniture-kit_kitchenCabinetUpper.glb
kenney furniture-kit kitchenCabinetUpperCorner,https://kenney.nl/assets/furniture-kit,CC0 1.0,N,GLB,Not stated,"Furniture kit: chairs, tables, beds, cabinets and interior props.",Furniture,/home/ubuntu/BOPLUX_assets/Furniture/kenney_furniture-kit_kitchenCabinetUpperCorner.glb
kenney furniture-kit kitchenCabinetUpperDouble,https://kenney.nl/assets/furniture-kit,CC0 1.0,N,GLB,Not stated,"Furniture kit: chairs, tables, beds, cabinets and interior props.",Furniture,/home/ubuntu/BOPLUX_assets/Furniture/kenney_furniture-kit_kitchenCabinetUpperDouble.glb
kenney furniture-kit kitchenCabinetUpperLow,https://kenney.nl/assets/furniture-kit,CC0 1.0,N,GLB,Not stated,"Furniture kit: chairs, tables, beds, cabinets and interior props.",Furniture,/home/ubuntu/BOPLUX_assets/Furniture/kenney_furniture-kit_kitchenCabinetUpperLow.glb
kenney furniture-kit kitchenCoffeeMachine,https://kenney.nl/assets/furniture-kit,CC0 1.0,N,GLB,Not stated,"Furniture kit: chairs, tables, beds, cabinets and interior props.",Miscellaneous,/home/ubuntu/BOPLUX_assets/Miscellaneous/kenney_furniture-kit_kitchenCoffeeMachine.glb
kenney furniture-kit kitchenFridge,https://kenney.nl/assets/furniture-kit,CC0 1.0,N,GLB,Not stated,"Furniture kit: chairs, tables, beds, cabinets and interior props.",Miscellaneous,/home/ubuntu/BOPLUX_assets/Miscellaneous/kenney_furniture-kit_kitchenFridge.glb
kenney furniture-kit kitchenFridgeBuiltIn,https://kenney.nl/assets/furniture-kit,CC0 1.0,N,GLB,Not stated,"Furniture kit: chairs, tables, beds, cabinets and interior props.",Miscellaneous,/home/ubuntu/BOPLUX_assets/Miscellaneous/kenney_furniture-kit_kitchenFridgeBuiltIn.glb
kenney furniture-kit kitchenFridgeLarge,https://kenney.nl/assets/furniture-kit,CC0 1.0,N,GLB,Not stated,"Furniture kit: chairs, tables, beds, cabinets and interior props.",Miscellaneous,/home/ubuntu/BOPLUX_assets/Miscellaneous/kenney_furniture-kit_kitchenFridgeLarge.glb
kenney furniture-kit kitchenFridgeSmall,https://kenney.nl/assets/furniture-kit,CC0 1.0,N,GLB,Not stated,"Furniture kit: chairs, tables, beds, cabinets and interior props.",Miscellaneous,/home/ubuntu/BOPLUX_assets/Miscellaneous/kenney_furniture-kit_kitchenFridgeSmall.glb
kenney furniture-kit kitchenMicrowave,https://kenney.nl/assets/furniture-kit,CC0 1.0,N,GLB,Not stated,"Furniture kit: chairs, tables, beds, cabinets and interior props.",Miscellaneous,/home/ubuntu/BOPLUX_assets/Miscellaneous/kenney_furniture-kit_kitchenMicrowave.glb
kenney furniture-kit kitchenSink,https://kenney.nl/assets/furniture-kit,CC0 1.0,N,GLB,Not stated,"Furniture kit: chairs, tables, beds, cabinets and interior props.",Miscellaneous,/home/ubuntu/BOPLUX_assets/Miscellaneous/kenney_furniture-kit_kitchenSink.glb
kenney furniture-kit kitchenStove,https://kenney.nl/assets/furniture-kit,CC0 1.0,N,GLB,Not stated,"Furniture kit: chairs, tables, beds, cabinets and interior props.",Miscellaneous,/home/ubuntu/BOPLUX_assets/Miscellaneous/kenney_furniture-kit_kitchenStove.glb
kenney furniture-kit kitchenStoveElectric,https://kenney.nl/assets/furniture-kit,CC0 1.0,N,GLB,Not stated,"Furniture kit: chairs, tables, beds, cabinets and interior props.",Miscellaneous,/home/ubuntu/BOPLUX_assets/Miscellaneous/kenney_furniture-kit_kitchenStoveElectric.glb
kenney furniture-kit lampRoundFloor,https://kenney.nl/assets/furniture-kit,CC0 1.0,N,GLB,Not stated,"Furniture kit: chairs, tables, beds, cabinets and interior props.",Lighting,/home/ubuntu/BOPLUX_assets/Lighting/kenney_furniture-kit_lampRoundFloor.glb
kenney furniture-kit lampRoundTable,https://kenney.nl/assets/furniture-kit,CC0 1.0,N,GLB,Not stated,"Furniture kit: chairs, tables, beds, cabinets and interior props.",Furniture,/home/ubuntu/BOPLUX_assets/Furniture/kenney_furniture-kit_lampRoundTable.glb
kenney furniture-kit lampSquareCeiling,https://kenney.nl/assets/furniture-kit,CC0 1.0,N,GLB,Not stated,"Furniture kit: chairs, tables, beds, cabinets and interior props.",Lighting,/home/ubuntu/BOPLUX_assets/Lighting/kenney_furniture-kit_lampSquareCeiling.glb
kenney furniture-kit lampSquareFloor,https://kenney.nl/assets/furniture-kit,CC0 1.0,N,GLB,Not stated,"Furniture kit: chairs, tables, beds, cabinets and interior props.",Lighting,/home/ubuntu/BOPLUX_assets/Lighting/kenney_furniture-kit_lampSquareFloor.glb
kenney furniture-kit lampSquareTable,https://kenney.nl/assets/furniture-kit,CC0 1.0,N,GLB,Not stated,"Furniture kit: chairs, tables, beds, cabinets and interior props.",Furniture,/home/ubuntu/BOPLUX_assets/Furniture/kenney_furniture-kit_lampSquareTable.glb
kenney furniture-kit lampWall,https://kenney.nl/assets/furniture-kit,CC0 1.0,N,GLB,Not stated,"Furniture kit: chairs, tables, beds, cabinets and interior props.",Structural_Kit,/home/ubuntu/BOPLUX_assets/Structural_Kit/kenney_furniture-kit_lampWall.glb
kenney furniture-kit laptop,https://kenney.nl/assets/furniture-kit,CC0 1.0,N,GLB,Not stated,"Furniture kit: chairs, tables, beds, cabinets and interior props.",Miscellaneous,/home/ubuntu/BOPLUX_assets/Miscellaneous/kenney_furniture-kit_laptop.glb
kenney furniture-kit loungeChair,https://kenney.nl/assets/furniture-kit,CC0 1.0,N,GLB,Not stated,"Furniture kit: chairs, tables, beds, cabinets and interior props.",Furniture,/home/ubuntu/BOPLUX_assets/Furniture/kenney_furniture-kit_loungeChair.glb
kenney furniture-kit loungeChairRelax,https://kenney.nl/assets/furniture-kit,CC0 1.0,N,GLB,Not stated,"Furniture kit: chairs, tables, beds, cabinets and interior props.",Furniture,/home/ubuntu/BOPLUX_assets/Furniture/kenney_furniture-kit_loungeChairRelax.glb
kenney furniture-kit loungeDesignChair,https://kenney.nl/assets/furniture-kit,CC0 1.0,N,GLB,Not stated,"Furniture kit: chairs, tables, beds, cabinets and interior props.",Furniture,/home/ubuntu/BOPLUX_assets/Furniture/kenney_furniture-kit_loungeDesignChair.glb
kenney furniture-kit loungeDesignSofa,https://kenney.nl/assets/furniture-kit,CC0 1.0,N,GLB,Not stated,"Furniture kit: chairs, tables, beds, cabinets and interior props.",Furniture,/home/ubuntu/BOPLUX_assets/Furniture/kenney_furniture-kit_loungeDesignSofa.glb
kenney furniture-kit loungeDesignSofaCorner,https://kenney.nl/assets/furniture-kit,CC0 1.0,N,GLB,Not stated,"Furniture kit: chairs, tables, beds, cabinets and interior props.",Furniture,/home/ubuntu/BOPLUX_assets/Furniture/kenney_furniture-kit_loungeDesignSofaCorner.glb
kenney furniture-kit loungeSofa,https://kenney.nl/assets/furniture-kit,CC0 1.0,N,GLB,Not stated,"Furniture kit: chairs, tables, beds, cabinets and interior props.",Furniture,/home/ubuntu/BOPLUX_assets/Furniture/kenney_furniture-kit_loungeSofa.glb
kenney furniture-kit loungeSofaCorner,https://kenney.nl/assets/furniture-kit,CC0 1.0,N,GLB,Not stated,"Furniture kit: chairs, tables, beds, cabinets and interior props.",Furniture,/home/ubuntu/BOPLUX_assets/Furniture/kenney_furniture-kit_loungeSofaCorner.glb
kenney furniture-kit loungeSofaLong,https://kenney.nl/assets/furniture-kit,CC0 1.0,N,GLB,Not stated,"Furniture kit: chairs, tables, beds, cabinets and interior props.",Furniture,/home/ubuntu/BOPLUX_assets/Furniture/kenney_furniture-kit_loungeSofaLong.glb
kenney furniture-kit loungeSofaOttoman,https://kenney.nl/assets/furniture-kit,CC0 1.0,N,GLB,Not stated,"Furniture kit: chairs, tables, beds, cabinets and interior props.",Furniture,/home/ubuntu/BOPLUX_assets/Furniture/kenney_furniture-kit_loungeSofaOttoman.glb
kenney furniture-kit paneling,https://kenney.nl/assets/furniture-kit,CC0 1.0,N,GLB,Not stated,"Furniture kit: chairs, tables, beds, cabinets and interior props.",Miscellaneous,/home/ubuntu/BOPLUX_assets/Miscellaneous/kenney_furniture-kit_paneling.glb
kenney furniture-kit pillow,https://kenney.nl/assets/furniture-kit,CC0 1.0,N,GLB,Not stated,"Furniture kit: chairs, tables, beds, cabinets and interior props.",Miscellaneous,/home/ubuntu/BOPLUX_assets/Miscellaneous/kenney_furniture-kit_pillow.glb
kenney furniture-kit pillowBlue,https://kenney.nl/assets/furniture-kit,CC0 1.0,N,GLB,Not stated,"Furniture kit: chairs, tables, beds, cabinets and interior props.",Miscellaneous,/home/ubuntu/BOPLUX_assets/Miscellaneous/kenney_furniture-kit_pillowBlue.glb
kenney furniture-kit pillowBlueLong,https://kenney.nl/assets/furniture-kit,CC0 1.0,N,GLB,Not stated,"Furniture kit: chairs, tables, beds, cabinets and interior props.",Miscellaneous,/home/ubuntu/BOPLUX_assets/Miscellaneous/kenney_furniture-kit_pillowBlueLong.glb
kenney furniture-kit pillowLong,https://kenney.nl/assets/furniture-kit,CC0 1.0,N,GLB,Not stated,"Furniture kit: chairs, tables, beds, cabinets and interior props.",Miscellaneous,/home/ubuntu/BOPLUX_assets/Miscellaneous/kenney_furniture-kit_pillowLong.glb
kenney furniture-kit plantSmall1,https://kenney.nl/assets/furniture-kit,CC0 1.0,N,GLB,Not stated,"Furniture kit: chairs, tables, beds, cabinets and interior props.",Vegetation,/home/ubuntu/BOPLUX_assets/Vegetation/kenney_furniture-kit_plantSmall1.glb
kenney furniture-kit plantSmall2,https://kenney.nl/assets/furniture-kit,CC0 1.0,N,GLB,Not stated,"Furniture kit: chairs, tables, beds, cabinets and interior props.",Vegetation,/home/ubuntu/BOPLUX_assets/Vegetation/kenney_furniture-kit_plantSmall2.glb
kenney furniture-kit plantSmall3,https://kenney.nl/assets/furniture-kit,CC0 1.0,N,GLB,Not stated,"Furniture kit: chairs, tables, beds, cabinets and interior props.",Vegetation,/home/ubuntu/BOPLUX_assets/Vegetation/kenney_furniture-kit_plantSmall3.glb
kenney furniture-kit pottedPlant,https://kenney.nl/assets/furniture-kit,CC0 1.0,N,GLB,Not stated,"Furniture kit: chairs, tables, beds, cabinets and interior props.",Vegetation,/home/ubuntu/BOPLUX_assets/Vegetation/kenney_furniture-kit_pottedPlant.glb
kenney furniture-kit radio,https://kenney.nl/assets/furniture-kit,CC0 1.0,N,GLB,Not stated,"Furniture kit: chairs, tables, beds, cabinets and interior props.",Miscellaneous,/home/ubuntu/BOPLUX_assets/Miscellaneous/kenney_furniture-kit_radio.glb
kenney furniture-kit rugDoormat,https://kenney.nl/assets/furniture-kit,CC0 1.0,N,GLB,Not stated,"Furniture kit: chairs, tables, beds, cabinets and interior props.",Structural_Kit,/home/ubuntu/BOPLUX_assets/Structural_Kit/kenney_furniture-kit_rugDoormat.glb
kenney furniture-kit rugRectangle,https://kenney.nl/assets/furniture-kit,CC0 1.0,N,GLB,Not stated,"Furniture kit: chairs, tables, beds, cabinets and interior props.",Miscellaneous,/home/ubuntu/BOPLUX_assets/Miscellaneous/kenney_furniture-kit_rugRectangle.glb
kenney furniture-kit rugRound,https://kenney.nl/assets/furniture-kit,CC0 1.0,N,GLB,Not stated,"Furniture kit: chairs, tables, beds, cabinets and interior props.",Rocks_Terrain,/home/ubuntu/BOPLUX_assets/Rocks_Terrain/kenney_furniture-kit_rugRound.glb
kenney furniture-kit rugRounded,https://kenney.nl/assets/furniture-kit,CC0 1.0,N,GLB,Not stated,"Furniture kit: chairs, tables, beds, cabinets and interior props.",Rocks_Terrain,/home/ubuntu/BOPLUX_assets/Rocks_Terrain/kenney_furniture-kit_rugRounded.glb
kenney furniture-kit rugSquare,https://kenney.nl/assets/furniture-kit,CC0 1.0,N,GLB,Not stated,"Furniture kit: chairs, tables, beds, cabinets and interior props.",Miscellaneous,/home/ubuntu/BOPLUX_assets/Miscellaneous/kenney_furniture-kit_rugSquare.glb
kenney furniture-kit shower,https://kenney.nl/assets/furniture-kit,CC0 1.0,N,GLB,Not stated,"Furniture kit: chairs, tables, beds, cabinets and interior props.",Miscellaneous,/home/ubuntu/BOPLUX_assets/Miscellaneous/kenney_furniture-kit_shower.glb
kenney furniture-kit showerRound,https://kenney.nl/assets/furniture-kit,CC0 1.0,N,GLB,Not stated,"Furniture kit: chairs, tables, beds, cabinets and interior props.",Miscellaneous,/home/ubuntu/BOPLUX_assets/Miscellaneous/kenney_furniture-kit_showerRound.glb
kenney furniture-kit sideTable,https://kenney.nl/assets/furniture-kit,CC0 1.0,N,GLB,Not stated,"Furniture kit: chairs, tables, beds, cabinets and interior props.",Furniture,/home/ubuntu/BOPLUX_assets/Furniture/kenney_furniture-kit_sideTable.glb
kenney furniture-kit sideTableDrawers,https://kenney.nl/assets/furniture-kit,CC0 1.0,N,GLB,Not stated,"Furniture kit: chairs, tables, beds, cabinets and interior props.",Furniture,/home/ubuntu/BOPLUX_assets/Furniture/kenney_furniture-kit_sideTableDrawers.glb
kenney furniture-kit speaker,https://kenney.nl/assets/furniture-kit,CC0 1.0,N,GLB,Not stated,"Furniture kit: chairs, tables, beds, cabinets and interior props.",Miscellaneous,/home/ubuntu/BOPLUX_assets/Miscellaneous/kenney_furniture-kit_speaker.glb
kenney furniture-kit speakerSmall,https://kenney.nl/assets/furniture-kit,CC0 1.0,N,GLB,Not stated,"Furniture kit: chairs, tables, beds, cabinets and interior props.",Miscellaneous,/home/ubuntu/BOPLUX_assets/Miscellaneous/kenney_furniture-kit_speakerSmall.glb
kenney furniture-kit stairs,https://kenney.nl/assets/furniture-kit,CC0 1.0,N,GLB,Not stated,"Furniture kit: chairs, tables, beds, cabinets and interior props.",Miscellaneous,/home/ubuntu/BOPLUX_assets/Miscellaneous/kenney_furniture-kit_stairs.glb
kenney furniture-kit stairsCorner,https://kenney.nl/assets/furniture-kit,CC0 1.0,N,GLB,Not stated,"Furniture kit: chairs, tables, beds, cabinets and interior props.",Miscellaneous,/home/ubuntu/BOPLUX_assets/Miscellaneous/kenney_furniture-kit_stairsCorner.glb
kenney furniture-kit stairsOpen,https://kenney.nl/assets/furniture-kit,CC0 1.0,N,GLB,Not stated,"Furniture kit: chairs, tables, beds, cabinets and interior props.",Miscellaneous,/home/ubuntu/BOPLUX_assets/Miscellaneous/kenney_furniture-kit_stairsOpen.glb
kenney furniture-kit stairsOpenSingle,https://kenney.nl/assets/furniture-kit,CC0 1.0,N,GLB,Not stated,"Furniture kit: chairs, tables, beds, cabinets and interior props.",Miscellaneous,/home/ubuntu/BOPLUX_assets/Miscellaneous/kenney_furniture-kit_stairsOpenSingle.glb
kenney furniture-kit stoolBar,https://kenney.nl/assets/furniture-kit,CC0 1.0,N,GLB,Not stated,"Furniture kit: chairs, tables, beds, cabinets and interior props.",Furniture,/home/ubuntu/BOPLUX_assets/Furniture/kenney_furniture-kit_stoolBar.glb
kenney furniture-kit stoolBarSquare,https://kenney.nl/assets/furniture-kit,CC0 1.0,N,GLB,Not stated,"Furniture kit: chairs, tables, beds, cabinets and interior props.",Furniture,/home/ubuntu/BOPLUX_assets/Furniture/kenney_furniture-kit_stoolBarSquare.glb
kenney furniture-kit table,https://kenney.nl/assets/furniture-kit,CC0 1.0,N,GLB,Not stated,"Furniture kit: chairs, tables, beds, cabinets and interior props.",Furniture,/home/ubuntu/BOPLUX_assets/Furniture/kenney_furniture-kit_table.glb
kenney furniture-kit tableCloth,https://kenney.nl/assets/furniture-kit,CC0 1.0,N,GLB,Not stated,"Furniture kit: chairs, tables, beds, cabinets and interior props.",Furniture,/home/ubuntu/BOPLUX_assets/Furniture/kenney_furniture-kit_tableCloth.glb
kenney furniture-kit tableCoffee,https://kenney.nl/assets/furniture-kit,CC0 1.0,N,GLB,Not stated,"Furniture kit: chairs, tables, beds, cabinets and interior props.",Furniture,/home/ubuntu/BOPLUX_assets/Furniture/kenney_furniture-kit_tableCoffee.glb
kenney furniture-kit tableCoffeeGlass,https://kenney.nl/assets/furniture-kit,CC0 1.0,N,GLB,Not stated,"Furniture kit: chairs, tables, beds, cabinets and interior props.",Furniture,/home/ubuntu/BOPLUX_assets/Furniture/kenney_furniture-kit_tableCoffeeGlass.glb
kenney furniture-kit tableCoffeeGlassSquare,https://kenney.nl/assets/furniture-kit,CC0 1.0,N,GLB,Not stated,"Furniture kit: chairs, tables, beds, cabinets and interior props.",Furniture,/home/ubuntu/BOPLUX_assets/Furniture/kenney_furniture-kit_tableCoffeeGlassSquare.glb
kenney furniture-kit tableCoffeeSquare,https://kenney.nl/assets/furniture-kit,CC0 1.0,N,GLB,Not stated,"Furniture kit: chairs, tables, beds, cabinets and interior props.",Furniture,/home/ubuntu/BOPLUX_assets/Furniture/kenney_furniture-kit_tableCoffeeSquare.glb
kenney furniture-kit tableCross,https://kenney.nl/assets/furniture-kit,CC0 1.0,N,GLB,Not stated,"Furniture kit: chairs, tables, beds, cabinets and interior props.",Furniture,/home/ubuntu/BOPLUX_assets/Furniture/kenney_furniture-kit_tableCross.glb
kenney furniture-kit tableCrossCloth,https://kenney.nl/assets/furniture-kit,CC0 1.0,N,GLB,Not stated,"Furniture kit: chairs, tables, beds, cabinets and interior props.",Furniture,/home/ubuntu/BOPLUX_assets/Furniture/kenney_furniture-kit_tableCrossCloth.glb
kenney furniture-kit tableGlass,https://kenney.nl/assets/furniture-kit,CC0 1.0,N,GLB,Not stated,"Furniture kit: chairs, tables, beds, cabinets and interior props.",Furniture,/home/ubuntu/BOPLUX_assets/Furniture/kenney_furniture-kit_tableGlass.glb
kenney furniture-kit tableRound,https://kenney.nl/assets/furniture-kit,CC0 1.0,N,GLB,Not stated,"Furniture kit: chairs, tables, beds, cabinets and interior props.",Furniture,/home/ubuntu/BOPLUX_assets/Furniture/kenney_furniture-kit_tableRound.glb
kenney furniture-kit televisionAntenna,https://kenney.nl/assets/furniture-kit,CC0 1.0,N,GLB,Not stated,"Furniture kit: chairs, tables, beds, cabinets and interior props.",Miscellaneous,/home/ubuntu/BOPLUX_assets/Miscellaneous/kenney_furniture-kit_televisionAntenna.glb
kenney furniture-kit televisionModern,https://kenney.nl/assets/furniture-kit,CC0 1.0,N,GLB,Not stated,"Furniture kit: chairs, tables, beds, cabinets and interior props.",Miscellaneous,/home/ubuntu/BOPLUX_assets/Miscellaneous/kenney_furniture-kit_televisionModern.glb
kenney furniture-kit televisionVintage,https://kenney.nl/assets/furniture-kit,CC0 1.0,N,GLB,Not stated,"Furniture kit: chairs, tables, beds, cabinets and interior props.",Miscellaneous,/home/ubuntu/BOPLUX_assets/Miscellaneous/kenney_furniture-kit_televisionVintage.glb
kenney furniture-kit toaster,https://kenney.nl/assets/furniture-kit,CC0 1.0,N,GLB,Not stated,"Furniture kit: chairs, tables, beds, cabinets and interior props.",Miscellaneous,/home/ubuntu/BOPLUX_assets/Miscellaneous/kenney_furniture-kit_toaster.glb
kenney furniture-kit toilet,https://kenney.nl/assets/furniture-kit,CC0 1.0,N,GLB,Not stated,"Furniture kit: chairs, tables, beds, cabinets and interior props.",Miscellaneous,/home/ubuntu/BOPLUX_assets/Miscellaneous/kenney_furniture-kit_toilet.glb
kenney furniture-kit toiletSquare,https://kenney.nl/assets/furniture-kit,CC0 1.0,N,GLB,Not stated,"Furniture kit: chairs, tables, beds, cabinets and interior props.",Miscellaneous,/home/ubuntu/BOPLUX_assets/Miscellaneous/kenney_furniture-kit_toiletSquare.glb
kenney furniture-kit trashcan,https://kenney.nl/assets/furniture-kit,CC0 1.0,N,GLB,Not stated,"Furniture kit: chairs, tables, beds, cabinets and interior props.",Crates_Barrels_Clutter,/home/ubuntu/BOPLUX_assets/Crates_Barrels_Clutter/kenney_furniture-kit_trashcan.glb
kenney furniture-kit wall,https://kenney.nl/assets/furniture-kit,CC0 1.0,N,GLB,Not stated,"Furniture kit: chairs, tables, beds, cabinets and interior props.",Structural_Kit,/home/ubuntu/BOPLUX_assets/Structural_Kit/kenney_furniture-kit_wall.glb
kenney furniture-kit wallCorner,https://kenney.nl/assets/furniture-kit,CC0 1.0,N,GLB,Not stated,"Furniture kit: chairs, tables, beds, cabinets and interior props.",Structural_Kit,/home/ubuntu/BOPLUX_assets/Structural_Kit/kenney_furniture-kit_wallCorner.glb
kenney furniture-kit wallCornerRond,https://kenney.nl/assets/furniture-kit,CC0 1.0,N,GLB,Not stated,"Furniture kit: chairs, tables, beds, cabinets and interior props.",Structural_Kit,/home/ubuntu/BOPLUX_assets/Structural_Kit/kenney_furniture-kit_wallCornerRond.glb
kenney furniture-kit wallDoorway,https://kenney.nl/assets/furniture-kit,CC0 1.0,N,GLB,Not stated,"Furniture kit: chairs, tables, beds, cabinets and interior props.",Structural_Kit,/home/ubuntu/BOPLUX_assets/Structural_Kit/kenney_furniture-kit_wallDoorway.glb
kenney furniture-kit wallDoorwayWide,https://kenney.nl/assets/furniture-kit,CC0 1.0,N,GLB,Not stated,"Furniture kit: chairs, tables, beds, cabinets and interior props.",Structural_Kit,/home/ubuntu/BOPLUX_assets/Structural_Kit/kenney_furniture-kit_wallDoorwayWide.glb
kenney furniture-kit wallHalf,https://kenney.nl/assets/furniture-kit,CC0 1.0,N,GLB,Not stated,"Furniture kit: chairs, tables, beds, cabinets and interior props.",Structural_Kit,/home/ubuntu/BOPLUX_assets/Structural_Kit/kenney_furniture-kit_wallHalf.glb
kenney furniture-kit wallWindow,https://kenney.nl/assets/furniture-kit,CC0 1.0,N,GLB,Not stated,"Furniture kit: chairs, tables, beds, cabinets and interior props.",Structural_Kit,/home/ubuntu/BOPLUX_assets/Structural_Kit/kenney_furniture-kit_wallWindow.glb
kenney furniture-kit wallWindowSlide,https://kenney.nl/assets/furniture-kit,CC0 1.0,N,GLB,Not stated,"Furniture kit: chairs, tables, beds, cabinets and interior props.",Structural_Kit,/home/ubuntu/BOPLUX_assets/Structural_Kit/kenney_furniture-kit_wallWindowSlide.glb
kenney furniture-kit washer,https://kenney.nl/assets/furniture-kit,CC0 1.0,N,GLB,Not stated,"Furniture kit: chairs, tables, beds, cabinets and interior props.",Miscellaneous,/home/ubuntu/BOPLUX_assets/Miscellaneous/kenney_furniture-kit_washer.glb
kenney furniture-kit washerDryerStacked,https://kenney.nl/assets/furniture-kit,CC0 1.0,N,GLB,Not stated,"Furniture kit: chairs, tables, beds, cabinets and interior props.",Miscellaneous,/home/ubuntu/BOPLUX_assets/Miscellaneous/kenney_furniture-kit_washerDryerStacked.glb
kenney furniture-kit bathroomCabinet,https://kenney.nl/assets/furniture-kit,CC0 1.0,N,OBJ,Not stated,"Furniture kit: chairs, tables, beds, cabinets and interior props.",Furniture,/home/ubuntu/BOPLUX_assets/Furniture/kenney_furniture-kit_bathroomCabinet.obj
kenney furniture-kit bathroomCabinetDrawer,https://kenney.nl/assets/furniture-kit,CC0 1.0,N,OBJ,Not stated,"Furniture kit: chairs, tables, beds, cabinets and interior props.",Furniture,/home/ubuntu/BOPLUX_assets/Furniture/kenney_furniture-kit_bathroomCabinetDrawer.obj
kenney furniture-kit bathroomMirror,https://kenney.nl/assets/furniture-kit,CC0 1.0,N,OBJ,Not stated,"Furniture kit: chairs, tables, beds, cabinets and interior props.",Miscellaneous,/home/ubuntu/BOPLUX_assets/Miscellaneous/kenney_furniture-kit_bathroomMirror.obj
kenney furniture-kit bathroomSink,https://kenney.nl/assets/furniture-kit,CC0 1.0,N,OBJ,Not stated,"Furniture kit: chairs, tables, beds, cabinets and interior props.",Miscellaneous,/home/ubuntu/BOPLUX_assets/Miscellaneous/kenney_furniture-kit_bathroomSink.obj
kenney furniture-kit bathroomSinkSquare,https://kenney.nl/assets/furniture-kit,CC0 1.0,N,OBJ,Not stated,"Furniture kit: chairs, tables, beds, cabinets and interior props.",Miscellaneous,/home/ubuntu/BOPLUX_assets/Miscellaneous/kenney_furniture-kit_bathroomSinkSquare.obj
kenney furniture-kit bathtub,https://kenney.nl/assets/furniture-kit,CC0 1.0,N,OBJ,Not stated,"Furniture kit: chairs, tables, beds, cabinets and interior props.",Miscellaneous,/home/ubuntu/BOPLUX_assets/Miscellaneous/kenney_furniture-kit_bathtub.obj
kenney furniture-kit bear,https://kenney.nl/assets/furniture-kit,CC0 1.0,N,OBJ,Not stated,"Furniture kit: chairs, tables, beds, cabinets and interior props.",Miscellaneous,/home/ubuntu/BOPLUX_assets/Miscellaneous/kenney_furniture-kit_bear.obj
kenney furniture-kit bedBunk,https://kenney.nl/assets/furniture-kit,CC0 1.0,N,OBJ,Not stated,"Furniture kit: chairs, tables, beds, cabinets and interior props.",Furniture,/home/ubuntu/BOPLUX_assets/Furniture/kenney_furniture-kit_bedBunk.obj
kenney furniture-kit bedDouble,https://kenney.nl/assets/furniture-kit,CC0 1.0,N,OBJ,Not stated,"Furniture kit: chairs, tables, beds, cabinets and interior props.",Furniture,/home/ubuntu/BOPLUX_assets/Furniture/kenney_furniture-kit_bedDouble.obj
kenney furniture-kit bedSingle,https://kenney.nl/assets/furniture-kit,CC0 1.0,N,OBJ,Not stated,"Furniture kit: chairs, tables, beds, cabinets and interior props.",Furniture,/home/ubuntu/BOPLUX_assets/Furniture/kenney_furniture-kit_bedSingle.obj
kenney furniture-kit bench,https://kenney.nl/assets/furniture-kit,CC0 1.0,N,OBJ,Not stated,"Furniture kit: chairs, tables, beds, cabinets and interior props.",Furniture,/home/ubuntu/BOPLUX_assets/Furniture/kenney_furniture-kit_bench.obj
kenney furniture-kit benchCushion,https://kenney.nl/assets/furniture-kit,CC0 1.0,N,OBJ,Not stated,"Furniture kit: chairs, tables, beds, cabinets and interior props.",Furniture,/home/ubuntu/BOPLUX_assets/Furniture/kenney_furniture-kit_benchCushion.obj
kenney furniture-kit benchCushionLow,https://kenney.nl/assets/furniture-kit,CC0 1.0,N,OBJ,Not stated,"Furniture kit: chairs, tables, beds, cabinets and interior props.",Furniture,/home/ubuntu/BOPLUX_assets/Furniture/kenney_furniture-kit_benchCushionLow.obj
kenney furniture-kit bookcaseClosed,https://kenney.nl/assets/furniture-kit,CC0 1.0,N,OBJ,Not stated,"Furniture kit: chairs, tables, beds, cabinets and interior props.",Miscellaneous,/home/ubuntu/BOPLUX_assets/Miscellaneous/kenney_furniture-kit_bookcaseClosed.obj
kenney furniture-kit bookcaseClosedDoors,https://kenney.nl/assets/furniture-kit,CC0 1.0,N,OBJ,Not stated,"Furniture kit: chairs, tables, beds, cabinets and interior props.",Structural_Kit,/home/ubuntu/BOPLUX_assets/Structural_Kit/kenney_furniture-kit_bookcaseClosedDoors.obj
kenney furniture-kit bookcaseClosedWide,https://kenney.nl/assets/furniture-kit,CC0 1.0,N,OBJ,Not stated,"Furniture kit: chairs, tables, beds, cabinets and interior props.",Miscellaneous,/home/ubuntu/BOPLUX_assets/Miscellaneous/kenney_furniture-kit_bookcaseClosedWide.obj
kenney furniture-kit bookcaseOpen,https://kenney.nl/assets/furniture-kit,CC0 1.0,N,OBJ,Not stated,"Furniture kit: chairs, tables, beds, cabinets and interior props.",Miscellaneous,/home/ubuntu/BOPLUX_assets/Miscellaneous/kenney_furniture-kit_bookcaseOpen.obj
kenney furniture-kit bookcaseOpenLow,https://kenney.nl/assets/furniture-kit,CC0 1.0,N,OBJ,Not stated,"Furniture kit: chairs, tables, beds, cabinets and interior props.",Miscellaneous,/home/ubuntu/BOPLUX_assets/Miscellaneous/kenney_furniture-kit_bookcaseOpenLow.obj
kenney furniture-kit books,https://kenney.nl/assets/furniture-kit,CC0 1.0,N,OBJ,Not stated,"Furniture kit: chairs, tables, beds, cabinets and interior props.",Miscellaneous,/home/ubuntu/BOPLUX_assets/Miscellaneous/kenney_furniture-kit_books.obj
kenney furniture-kit cabinetBed,https://kenney.nl/assets/furniture-kit,CC0 1.0,N,OBJ,Not stated,"Furniture kit: chairs, tables, beds, cabinets and interior props.",Furniture,/home/ubuntu/BOPLUX_assets/Furniture/kenney_furniture-kit_cabinetBed.obj
kenney furniture-kit cabinetBedDrawer,https://kenney.nl/assets/furniture-kit,CC0 1.0,N,OBJ,Not stated,"Furniture kit: chairs, tables, beds, cabinets and interior props.",Furniture,/home/ubuntu/BOPLUX_assets/Furniture/kenney_furniture-kit_cabinetBedDrawer.obj
kenney furniture-kit cabinetBedDrawerTable,https://kenney.nl/assets/furniture-kit,CC0 1.0,N,OBJ,Not stated,"Furniture kit: chairs, tables, beds, cabinets and interior props.",Furniture,/home/ubuntu/BOPLUX_assets/Furniture/kenney_furniture-kit_cabinetBedDrawerTable.obj
kenney furniture-kit cabinetTelevision,https://kenney.nl/assets/furniture-kit,CC0 1.0,N,OBJ,Not stated,"Furniture kit: chairs, tables, beds, cabinets and interior props.",Furniture,/home/ubuntu/BOPLUX_assets/Furniture/kenney_furniture-kit_cabinetTelevision.obj
kenney furniture-kit cabinetTelevisionDoors,https://kenney.nl/assets/furniture-kit,CC0 1.0,N,OBJ,Not stated,"Furniture kit: chairs, tables, beds, cabinets and interior props.",Structural_Kit,/home/ubuntu/BOPLUX_assets/Structural_Kit/kenney_furniture-kit_cabinetTelevisionDoors.obj
kenney furniture-kit cardboardBoxClosed,https://kenney.nl/assets/furniture-kit,CC0 1.0,N,OBJ,Not stated,"Furniture kit: chairs, tables, beds, cabinets and interior props.",Crates_Barrels_Clutter,/home/ubuntu/BOPLUX_assets/Crates_Barrels_Clutter/kenney_furniture-kit_cardboardBoxClosed.obj
kenney furniture-kit cardboardBoxOpen,https://kenney.nl/assets/furniture-kit,CC0 1.0,N,OBJ,Not stated,"Furniture kit: chairs, tables, beds, cabinets and interior props.",Crates_Barrels_Clutter,/home/ubuntu/BOPLUX_assets/Crates_Barrels_Clutter/kenney_furniture-kit_cardboardBoxOpen.obj
kenney furniture-kit ceilingFan,https://kenney.nl/assets/furniture-kit,CC0 1.0,N,OBJ,Not stated,"Furniture kit: chairs, tables, beds, cabinets and interior props.",Miscellaneous,/home/ubuntu/BOPLUX_assets/Miscellaneous/kenney_furniture-kit_ceilingFan.obj
kenney furniture-kit chair,https://kenney.nl/assets/furniture-kit,CC0 1.0,N,OBJ,Not stated,"Furniture kit: chairs, tables, beds, cabinets and interior props.",Furniture,/home/ubuntu/BOPLUX_assets/Furniture/kenney_furniture-kit_chair.obj
kenney furniture-kit chairCushion,https://kenney.nl/assets/furniture-kit,CC0 1.0,N,OBJ,Not stated,"Furniture kit: chairs, tables, beds, cabinets and interior props.",Furniture,/home/ubuntu/BOPLUX_assets/Furniture/kenney_furniture-kit_chairCushion.obj
kenney furniture-kit chairDesk,https://kenney.nl/assets/furniture-kit,CC0 1.0,N,OBJ,Not stated,"Furniture kit: chairs, tables, beds, cabinets and interior props.",Furniture,/home/ubuntu/BOPLUX_assets/Furniture/kenney_furniture-kit_chairDesk.obj
kenney furniture-kit chairModernCushion,https://kenney.nl/assets/furniture-kit,CC0 1.0,N,OBJ,Not stated,"Furniture kit: chairs, tables, beds, cabinets and interior props.",Furniture,/home/ubuntu/BOPLUX_assets/Furniture/kenney_furniture-kit_chairModernCushion.obj
kenney furniture-kit chairModernFrameCushion,https://kenney.nl/assets/furniture-kit,CC0 1.0,N,OBJ,Not stated,"Furniture kit: chairs, tables, beds, cabinets and interior props.",Furniture,/home/ubuntu/BOPLUX_assets/Furniture/kenney_furniture-kit_chairModernFrameCushion.obj
kenney furniture-kit chairRounded,https://kenney.nl/assets/furniture-kit,CC0 1.0,N,OBJ,Not stated,"Furniture kit: chairs, tables, beds, cabinets and interior props.",Furniture,/home/ubuntu/BOPLUX_assets/Furniture/kenney_furniture-kit_chairRounded.obj
kenney furniture-kit coatRack,https://kenney.nl/assets/furniture-kit,CC0 1.0,N,OBJ,Not stated,"Furniture kit: chairs, tables, beds, cabinets and interior props.",Miscellaneous,/home/ubuntu/BOPLUX_assets/Miscellaneous/kenney_furniture-kit_coatRack.obj
kenney furniture-kit coatRackStanding,https://kenney.nl/assets/furniture-kit,CC0 1.0,N,OBJ,Not stated,"Furniture kit: chairs, tables, beds, cabinets and interior props.",Miscellaneous,/home/ubuntu/BOPLUX_assets/Miscellaneous/kenney_furniture-kit_coatRackStanding.obj
kenney furniture-kit computerKeyboard,https://kenney.nl/assets/furniture-kit,CC0 1.0,N,OBJ,Not stated,"Furniture kit: chairs, tables, beds, cabinets and interior props.",Miscellaneous,/home/ubuntu/BOPLUX_assets/Miscellaneous/kenney_furniture-kit_computerKeyboard.obj
kenney furniture-kit computerMouse,https://kenney.nl/assets/furniture-kit,CC0 1.0,N,OBJ,Not stated,"Furniture kit: chairs, tables, beds, cabinets and interior props.",Miscellaneous,/home/ubuntu/BOPLUX_assets/Miscellaneous/kenney_furniture-kit_computerMouse.obj
kenney furniture-kit computerScreen,https://kenney.nl/assets/furniture-kit,CC0 1.0,N,OBJ,Not stated,"Furniture kit: chairs, tables, beds, cabinets and interior props.",Miscellaneous,/home/ubuntu/BOPLUX_assets/Miscellaneous/kenney_furniture-kit_computerScreen.obj
kenney furniture-kit desk,https://kenney.nl/assets/furniture-kit,CC0 1.0,N,OBJ,Not stated,"Furniture kit: chairs, tables, beds, cabinets and interior props.",Furniture,/home/ubuntu/BOPLUX_assets/Furniture/kenney_furniture-kit_desk.obj
kenney furniture-kit deskCorner,https://kenney.nl/assets/furniture-kit,CC0 1.0,N,OBJ,Not stated,"Furniture kit: chairs, tables, beds, cabinets and interior props.",Furniture,/home/ubuntu/BOPLUX_assets/Furniture/kenney_furniture-kit_deskCorner.obj
kenney furniture-kit doorway,https://kenney.nl/assets/furniture-kit,CC0 1.0,N,OBJ,Not stated,"Furniture kit: chairs, tables, beds, cabinets and interior props.",Structural_Kit,/home/ubuntu/BOPLUX_assets/Structural_Kit/kenney_furniture-kit_doorway.obj
kenney furniture-kit doorwayFront,https://kenney.nl/assets/furniture-kit,CC0 1.0,N,OBJ,Not stated,"Furniture kit: chairs, tables, beds, cabinets and interior props.",Structural_Kit,/home/ubuntu/BOPLUX_assets/Structural_Kit/kenney_furniture-kit_doorwayFront.obj
kenney furniture-kit doorwayOpen,https://kenney.nl/assets/furniture-kit,CC0 1.0,N,OBJ,Not stated,"Furniture kit: chairs, tables, beds, cabinets and interior props.",Structural_Kit,/home/ubuntu/BOPLUX_assets/Structural_Kit/kenney_furniture-kit_doorwayOpen.obj
kenney furniture-kit dryer,https://kenney.nl/assets/furniture-kit,CC0 1.0,N,OBJ,Not stated,"Furniture kit: chairs, tables, beds, cabinets and interior props.",Miscellaneous,/home/ubuntu/BOPLUX_assets/Miscellaneous/kenney_furniture-kit_dryer.obj
kenney furniture-kit floorCorner,https://kenney.nl/assets/furniture-kit,CC0 1.0,N,OBJ,Not stated,"Furniture kit: chairs, tables, beds, cabinets and interior props.",Miscellaneous,/home/ubuntu/BOPLUX_assets/Miscellaneous/kenney_furniture-kit_floorCorner.obj
kenney furniture-kit floorCornerRound,https://kenney.nl/assets/furniture-kit,CC0 1.0,N,OBJ,Not stated,"Furniture kit: chairs, tables, beds, cabinets and interior props.",Miscellaneous,/home/ubuntu/BOPLUX_assets/Miscellaneous/kenney_furniture-kit_floorCornerRound.obj
kenney furniture-kit floorFull,https://kenney.nl/assets/furniture-kit,CC0 1.0,N,OBJ,Not stated,"Furniture kit: chairs, tables, beds, cabinets and interior props.",Miscellaneous,/home/ubuntu/BOPLUX_assets/Miscellaneous/kenney_furniture-kit_floorFull.obj
kenney furniture-kit floorHalf,https://kenney.nl/assets/furniture-kit,CC0 1.0,N,OBJ,Not stated,"Furniture kit: chairs, tables, beds, cabinets and interior props.",Miscellaneous,/home/ubuntu/BOPLUX_assets/Miscellaneous/kenney_furniture-kit_floorHalf.obj
kenney furniture-kit hoodLarge,https://kenney.nl/assets/furniture-kit,CC0 1.0,N,OBJ,Not stated,"Furniture kit: chairs, tables, beds, cabinets and interior props.",Miscellaneous,/home/ubuntu/BOPLUX_assets/Miscellaneous/kenney_furniture-kit_hoodLarge.obj
kenney furniture-kit hoodModern,https://kenney.nl/assets/furniture-kit,CC0 1.0,N,OBJ,Not stated,"Furniture kit: chairs, tables, beds, cabinets and interior props.",Miscellaneous,/home/ubuntu/BOPLUX_assets/Miscellaneous/kenney_furniture-kit_hoodModern.obj
kenney furniture-kit kitchenBar,https://kenney.nl/assets/furniture-kit,CC0 1.0,N,OBJ,Not stated,"Furniture kit: chairs, tables, beds, cabinets and interior props.",Miscellaneous,/home/ubuntu/BOPLUX_assets/Miscellaneous/kenney_furniture-kit_kitchenBar.obj
kenney furniture-kit kitchenBarEnd,https://kenney.nl/assets/furniture-kit,CC0 1.0,N,OBJ,Not stated,"Furniture kit: chairs, tables, beds, cabinets and interior props.",Miscellaneous,/home/ubuntu/BOPLUX_assets/Miscellaneous/kenney_furniture-kit_kitchenBarEnd.obj
kenney furniture-kit kitchenBlender,https://kenney.nl/assets/furniture-kit,CC0 1.0,N,OBJ,Not stated,"Furniture kit: chairs, tables, beds, cabinets and interior props.",Miscellaneous,/home/ubuntu/BOPLUX_assets/Miscellaneous/kenney_furniture-kit_kitchenBlender.obj
kenney furniture-kit kitchenCabinet,https://kenney.nl/assets/furniture-kit,CC0 1.0,N,OBJ,Not stated,"Furniture kit: chairs, tables, beds, cabinets and interior props.",Furniture,/home/ubuntu/BOPLUX_assets/Furniture/kenney_furniture-kit_kitchenCabinet.obj
kenney furniture-kit kitchenCabinetCornerInner,https://kenney.nl/assets/furniture-kit,CC0 1.0,N,OBJ,Not stated,"Furniture kit: chairs, tables, beds, cabinets and interior props.",Furniture,/home/ubuntu/BOPLUX_assets/Furniture/kenney_furniture-kit_kitchenCabinetCornerInner.obj
kenney furniture-kit kitchenCabinetCornerRound,https://kenney.nl/assets/furniture-kit,CC0 1.0,N,OBJ,Not stated,"Furniture kit: chairs, tables, beds, cabinets and interior props.",Furniture,/home/ubuntu/BOPLUX_assets/Furniture/kenney_furniture-kit_kitchenCabinetCornerRound.obj
kenney furniture-kit kitchenCabinetDrawer,https://kenney.nl/assets/furniture-kit,CC0 1.0,N,OBJ,Not stated,"Furniture kit: chairs, tables, beds, cabinets and interior props.",Furniture,/home/ubuntu/BOPLUX_assets/Furniture/kenney_furniture-kit_kitchenCabinetDrawer.obj
kenney furniture-kit kitchenCabinetUpper,https://kenney.nl/assets/furniture-kit,CC0 1.0,N,OBJ,Not stated,"Furniture kit: chairs, tables, beds, cabinets and interior props.",Furniture,/home/ubuntu/BOPLUX_assets/Furniture/kenney_furniture-kit_kitchenCabinetUpper.obj
kenney furniture-kit kitchenCabinetUpperCorner,https://kenney.nl/assets/furniture-kit,CC0 1.0,N,OBJ,Not stated,"Furniture kit: chairs, tables, beds, cabinets and interior props.",Furniture,/home/ubuntu/BOPLUX_assets/Furniture/kenney_furniture-kit_kitchenCabinetUpperCorner.obj
kenney furniture-kit kitchenCabinetUpperDouble,https://kenney.nl/assets/furniture-kit,CC0 1.0,N,OBJ,Not stated,"Furniture kit: chairs, tables, beds, cabinets and interior props.",Furniture,/home/ubuntu/BOPLUX_assets/Furniture/kenney_furniture-kit_kitchenCabinetUpperDouble.obj
kenney furniture-kit kitchenCabinetUpperLow,https://kenney.nl/assets/furniture-kit,CC0 1.0,N,OBJ,Not stated,"Furniture kit: chairs, tables, beds, cabinets and interior props.",Furniture,/home/ubuntu/BOPLUX_assets/Furniture/kenney_furniture-kit_kitchenCabinetUpperLow.obj
kenney furniture-kit kitchenCoffeeMachine,https://kenney.nl/assets/furniture-kit,CC0 1.0,N,OBJ,Not stated,"Furniture kit: chairs, tables, beds, cabinets and interior props.",Miscellaneous,/home/ubuntu/BOPLUX_assets/Miscellaneous/kenney_furniture-kit_kitchenCoffeeMachine.obj
kenney furniture-kit kitchenFridge,https://kenney.nl/assets/furniture-kit,CC0 1.0,N,OBJ,Not stated,"Furniture kit: chairs, tables, beds, cabinets and interior props.",Miscellaneous,/home/ubuntu/BOPLUX_assets/Miscellaneous/kenney_furniture-kit_kitchenFridge.obj
kenney furniture-kit kitchenFridgeBuiltIn,https://kenney.nl/assets/furniture-kit,CC0 1.0,N,OBJ,Not stated,"Furniture kit: chairs, tables, beds, cabinets and interior props.",Miscellaneous,/home/ubuntu/BOPLUX_assets/Miscellaneous/kenney_furniture-kit_kitchenFridgeBuiltIn.obj
kenney furniture-kit kitchenFridgeLarge,https://kenney.nl/assets/furniture-kit,CC0 1.0,N,OBJ,Not stated,"Furniture kit: chairs, tables, beds, cabinets and interior props.",Miscellaneous,/home/ubuntu/BOPLUX_assets/Miscellaneous/kenney_furniture-kit_kitchenFridgeLarge.obj
kenney furniture-kit kitchenFridgeSmall,https://kenney.nl/assets/furniture-kit,CC0 1.0,N,OBJ,Not stated,"Furniture kit: chairs, tables, beds, cabinets and interior props.",Miscellaneous,/home/ubuntu/BOPLUX_assets/Miscellaneous/kenney_furniture-kit_kitchenFridgeSmall.obj
kenney furniture-kit kitchenMicrowave,https://kenney.nl/assets/furniture-kit,CC0 1.0,N,OBJ,Not stated,"Furniture kit: chairs, tables, beds, cabinets and interior props.",Miscellaneous,/home/ubuntu/BOPLUX_assets/Miscellaneous/kenney_furniture-kit_kitchenMicrowave.obj
kenney furniture-kit kitchenSink,https://kenney.nl/assets/furniture-kit,CC0 1.0,N,OBJ,Not stated,"Furniture kit: chairs, tables, beds, cabinets and interior props.",Miscellaneous,/home/ubuntu/BOPLUX_assets/Miscellaneous/kenney_furniture-kit_kitchenSink.obj
kenney furniture-kit kitchenStove,https://kenney.nl/assets/furniture-kit,CC0 1.0,N,OBJ,Not stated,"Furniture kit: chairs, tables, beds, cabinets and interior props.",Miscellaneous,/home/ubuntu/BOPLUX_assets/Miscellaneous/kenney_furniture-kit_kitchenStove.obj
kenney furniture-kit kitchenStoveElectric,https://kenney.nl/assets/furniture-kit,CC0 1.0,N,OBJ,Not stated,"Furniture kit: chairs, tables, beds, cabinets and interior props.",Miscellaneous,/home/ubuntu/BOPLUX_assets/Miscellaneous/kenney_furniture-kit_kitchenStoveElectric.obj
kenney furniture-kit lampRoundFloor,https://kenney.nl/assets/furniture-kit,CC0 1.0,N,OBJ,Not stated,"Furniture kit: chairs, tables, beds, cabinets and interior props.",Lighting,/home/ubuntu/BOPLUX_assets/Lighting/kenney_furniture-kit_lampRoundFloor.obj
kenney furniture-kit lampRoundTable,https://kenney.nl/assets/furniture-kit,CC0 1.0,N,OBJ,Not stated,"Furniture kit: chairs, tables, beds, cabinets and interior props.",Furniture,/home/ubuntu/BOPLUX_assets/Furniture/kenney_furniture-kit_lampRoundTable.obj
kenney furniture-kit lampSquareCeiling,https://kenney.nl/assets/furniture-kit,CC0 1.0,N,OBJ,Not stated,"Furniture kit: chairs, tables, beds, cabinets and interior props.",Lighting,/home/ubuntu/BOPLUX_assets/Lighting/kenney_furniture-kit_lampSquareCeiling.obj
kenney furniture-kit lampSquareFloor,https://kenney.nl/assets/furniture-kit,CC0 1.0,N,OBJ,Not stated,"Furniture kit: chairs, tables, beds, cabinets and interior props.",Lighting,/home/ubuntu/BOPLUX_assets/Lighting/kenney_furniture-kit_lampSquareFloor.obj
kenney furniture-kit lampSquareTable,https://kenney.nl/assets/furniture-kit,CC0 1.0,N,OBJ,Not stated,"Furniture kit: chairs, tables, beds, cabinets and interior props.",Furniture,/home/ubuntu/BOPLUX_assets/Furniture/kenney_furniture-kit_lampSquareTable.obj
kenney furniture-kit lampWall,https://kenney.nl/assets/furniture-kit,CC0 1.0,N,OBJ,Not stated,"Furniture kit: chairs, tables, beds, cabinets and interior props.",Structural_Kit,/home/ubuntu/BOPLUX_assets/Structural_Kit/kenney_furniture-kit_lampWall.obj
kenney furniture-kit laptop,https://kenney.nl/assets/furniture-kit,CC0 1.0,N,OBJ,Not stated,"Furniture kit: chairs, tables, beds, cabinets and interior props.",Miscellaneous,/home/ubuntu/BOPLUX_assets/Miscellaneous/kenney_furniture-kit_laptop.obj
kenney furniture-kit loungeChair,https://kenney.nl/assets/furniture-kit,CC0 1.0,N,OBJ,Not stated,"Furniture kit: chairs, tables, beds, cabinets and interior props.",Furniture,/home/ubuntu/BOPLUX_assets/Furniture/kenney_furniture-kit_loungeChair.obj
kenney furniture-kit loungeChairRelax,https://kenney.nl/assets/furniture-kit,CC0 1.0,N,OBJ,Not stated,"Furniture kit: chairs, tables, beds, cabinets and interior props.",Furniture,/home/ubuntu/BOPLUX_assets/Furniture/kenney_furniture-kit_loungeChairRelax.obj
kenney furniture-kit loungeDesignChair,https://kenney.nl/assets/furniture-kit,CC0 1.0,N,OBJ,Not stated,"Furniture kit: chairs, tables, beds, cabinets and interior props.",Furniture,/home/ubuntu/BOPLUX_assets/Furniture/kenney_furniture-kit_loungeDesignChair.obj
kenney furniture-kit loungeDesignSofa,https://kenney.nl/assets/furniture-kit,CC0 1.0,N,OBJ,Not stated,"Furniture kit: chairs, tables, beds, cabinets and interior props.",Furniture,/home/ubuntu/BOPLUX_assets/Furniture/kenney_furniture-kit_loungeDesignSofa.obj
kenney furniture-kit loungeDesignSofaCorner,https://kenney.nl/assets/furniture-kit,CC0 1.0,N,OBJ,Not stated,"Furniture kit: chairs, tables, beds, cabinets and interior props.",Furniture,/home/ubuntu/BOPLUX_assets/Furniture/kenney_furniture-kit_loungeDesignSofaCorner.obj
kenney furniture-kit loungeSofa,https://kenney.nl/assets/furniture-kit,CC0 1.0,N,OBJ,Not stated,"Furniture kit: chairs, tables, beds, cabinets and interior props.",Furniture,/home/ubuntu/BOPLUX_assets/Furniture/kenney_furniture-kit_loungeSofa.obj
kenney furniture-kit loungeSofaCorner,https://kenney.nl/assets/furniture-kit,CC0 1.0,N,OBJ,Not stated,"Furniture kit: chairs, tables, beds, cabinets and interior props.",Furniture,/home/ubuntu/BOPLUX_assets/Furniture/kenney_furniture-kit_loungeSofaCorner.obj
kenney furniture-kit loungeSofaLong,https://kenney.nl/assets/furniture-kit,CC0 1.0,N,OBJ,Not stated,"Furniture kit: chairs, tables, beds, cabinets and interior props.",Furniture,/home/ubuntu/BOPLUX_assets/Furniture/kenney_furniture-kit_loungeSofaLong.obj
kenney furniture-kit loungeSofaOttoman,https://kenney.nl/assets/furniture-kit,CC0 1.0,N,OBJ,Not stated,"Furniture kit: chairs, tables, beds, cabinets and interior props.",Furniture,/home/ubuntu/BOPLUX_assets/Furniture/kenney_furniture-kit_loungeSofaOttoman.obj
kenney furniture-kit paneling,https://kenney.nl/assets/furniture-kit,CC0 1.0,N,OBJ,Not stated,"Furniture kit: chairs, tables, beds, cabinets and interior props.",Miscellaneous,/home/ubuntu/BOPLUX_assets/Miscellaneous/kenney_furniture-kit_paneling.obj
kenney furniture-kit pillow,https://kenney.nl/assets/furniture-kit,CC0 1.0,N,OBJ,Not stated,"Furniture kit: chairs, tables, beds, cabinets and interior props.",Miscellaneous,/home/ubuntu/BOPLUX_assets/Miscellaneous/kenney_furniture-kit_pillow.obj
kenney furniture-kit pillowBlue,https://kenney.nl/assets/furniture-kit,CC0 1.0,N,OBJ,Not stated,"Furniture kit: chairs, tables, beds, cabinets and interior props.",Miscellaneous,/home/ubuntu/BOPLUX_assets/Miscellaneous/kenney_furniture-kit_pillowBlue.obj
kenney furniture-kit pillowBlueLong,https://kenney.nl/assets/furniture-kit,CC0 1.0,N,OBJ,Not stated,"Furniture kit: chairs, tables, beds, cabinets and interior props.",Miscellaneous,/home/ubuntu/BOPLUX_assets/Miscellaneous/kenney_furniture-kit_pillowBlueLong.obj
kenney furniture-kit pillowLong,https://kenney.nl/assets/furniture-kit,CC0 1.0,N,OBJ,Not stated,"Furniture kit: chairs, tables, beds, cabinets and interior props.",Miscellaneous,/home/ubuntu/BOPLUX_assets/Miscellaneous/kenney_furniture-kit_pillowLong.obj
kenney furniture-kit plantSmall1,https://kenney.nl/assets/furniture-kit,CC0 1.0,N,OBJ,Not stated,"Furniture kit: chairs, tables, beds, cabinets and interior props.",Vegetation,/home/ubuntu/BOPLUX_assets/Vegetation/kenney_furniture-kit_plantSmall1.obj
kenney furniture-kit plantSmall2,https://kenney.nl/assets/furniture-kit,CC0 1.0,N,OBJ,Not stated,"Furniture kit: chairs, tables, beds, cabinets and interior props.",Vegetation,/home/ubuntu/BOPLUX_assets/Vegetation/kenney_furniture-kit_plantSmall2.obj
kenney furniture-kit plantSmall3,https://kenney.nl/assets/furniture-kit,CC0 1.0,N,OBJ,Not stated,"Furniture kit: chairs, tables, beds, cabinets and interior props.",Vegetation,/home/ubuntu/BOPLUX_assets/Vegetation/kenney_furniture-kit_plantSmall3.obj
kenney furniture-kit pottedPlant,https://kenney.nl/assets/furniture-kit,CC0 1.0,N,OBJ,Not stated,"Furniture kit: chairs, tables, beds, cabinets and interior props.",Vegetation,/home/ubuntu/BOPLUX_assets/Vegetation/kenney_furniture-kit_pottedPlant.obj
kenney furniture-kit radio,https://kenney.nl/assets/furniture-kit,CC0 1.0,N,OBJ,Not stated,"Furniture kit: chairs, tables, beds, cabinets and interior props.",Miscellaneous,/home/ubuntu/BOPLUX_assets/Miscellaneous/kenney_furniture-kit_radio.obj
kenney furniture-kit rugDoormat,https://kenney.nl/assets/furniture-kit,CC0 1.0,N,OBJ,Not stated,"Furniture kit: chairs, tables, beds, cabinets and interior props.",Structural_Kit,/home/ubuntu/BOPLUX_assets/Structural_Kit/kenney_furniture-kit_rugDoormat.obj
kenney furniture-kit rugRectangle,https://kenney.nl/assets/furniture-kit,CC0 1.0,N,OBJ,Not stated,"Furniture kit: chairs, tables, beds, cabinets and interior props.",Miscellaneous,/home/ubuntu/BOPLUX_assets/Miscellaneous/kenney_furniture-kit_rugRectangle.obj
kenney furniture-kit rugRound,https://kenney.nl/assets/furniture-kit,CC0 1.0,N,OBJ,Not stated,"Furniture kit: chairs, tables, beds, cabinets and interior props.",Rocks_Terrain,/home/ubuntu/BOPLUX_assets/Rocks_Terrain/kenney_furniture-kit_rugRound.obj
kenney furniture-kit rugRounded,https://kenney.nl/assets/furniture-kit,CC0 1.0,N,OBJ,Not stated,"Furniture kit: chairs, tables, beds, cabinets and interior props.",Rocks_Terrain,/home/ubuntu/BOPLUX_assets/Rocks_Terrain/kenney_furniture-kit_rugRounded.obj
kenney furniture-kit rugSquare,https://kenney.nl/assets/furniture-kit,CC0 1.0,N,OBJ,Not stated,"Furniture kit: chairs, tables, beds, cabinets and interior props.",Miscellaneous,/home/ubuntu/BOPLUX_assets/Miscellaneous/kenney_furniture-kit_rugSquare.obj
kenney furniture-kit shower,https://kenney.nl/assets/furniture-kit,CC0 1.0,N,OBJ,Not stated,"Furniture kit: chairs, tables, beds, cabinets and interior props.",Miscellaneous,/home/ubuntu/BOPLUX_assets/Miscellaneous/kenney_furniture-kit_shower.obj
kenney furniture-kit showerRound,https://kenney.nl/assets/furniture-kit,CC0 1.0,N,OBJ,Not stated,"Furniture kit: chairs, tables, beds, cabinets and interior props.",Miscellaneous,/home/ubuntu/BOPLUX_assets/Miscellaneous/kenney_furniture-kit_showerRound.obj
kenney furniture-kit sideTable,https://kenney.nl/assets/furniture-kit,CC0 1.0,N,OBJ,Not stated,"Furniture kit: chairs, tables, beds, cabinets and interior props.",Furniture,/home/ubuntu/BOPLUX_assets/Furniture/kenney_furniture-kit_sideTable.obj
kenney furniture-kit sideTableDrawers,https://kenney.nl/assets/furniture-kit,CC0 1.0,N,OBJ,Not stated,"Furniture kit: chairs, tables, beds, cabinets and interior props.",Furniture,/home/ubuntu/BOPLUX_assets/Furniture/kenney_furniture-kit_sideTableDrawers.obj
kenney furniture-kit speaker,https://kenney.nl/assets/furniture-kit,CC0 1.0,N,OBJ,Not stated,"Furniture kit: chairs, tables, beds, cabinets and interior props.",Miscellaneous,/home/ubuntu/BOPLUX_assets/Miscellaneous/kenney_furniture-kit_speaker.obj
kenney furniture-kit speakerSmall,https://kenney.nl/assets/furniture-kit,CC0 1.0,N,OBJ,Not stated,"Furniture kit: chairs, tables, beds, cabinets and interior props.",Miscellaneous,/home/ubuntu/BOPLUX_assets/Miscellaneous/kenney_furniture-kit_speakerSmall.obj
kenney furniture-kit stairs,https://kenney.nl/assets/furniture-kit,CC0 1.0,N,OBJ,Not stated,"Furniture kit: chairs, tables, beds, cabinets and interior props.",Miscellaneous,/home/ubuntu/BOPLUX_assets/Miscellaneous/kenney_furniture-kit_stairs.obj
kenney furniture-kit stairsCorner,https://kenney.nl/assets/furniture-kit,CC0 1.0,N,OBJ,Not stated,"Furniture kit: chairs, tables, beds, cabinets and interior props.",Miscellaneous,/home/ubuntu/BOPLUX_assets/Miscellaneous/kenney_furniture-kit_stairsCorner.obj
kenney furniture-kit stairsOpen,https://kenney.nl/assets/furniture-kit,CC0 1.0,N,OBJ,Not stated,"Furniture kit: chairs, tables, beds, cabinets and interior props.",Miscellaneous,/home/ubuntu/BOPLUX_assets/Miscellaneous/kenney_furniture-kit_stairsOpen.obj
kenney furniture-kit stairsOpenSingle,https://kenney.nl/assets/furniture-kit,CC0 1.0,N,OBJ,Not stated,"Furniture kit: chairs, tables, beds, cabinets and interior props.",Miscellaneous,/home/ubuntu/BOPLUX_assets/Miscellaneous/kenney_furniture-kit_stairsOpenSingle.obj
kenney furniture-kit stoolBar,https://kenney.nl/assets/furniture-kit,CC0 1.0,N,OBJ,Not stated,"Furniture kit: chairs, tables, beds, cabinets and interior props.",Furniture,/home/ubuntu/BOPLUX_assets/Furniture/kenney_furniture-kit_stoolBar.obj
kenney furniture-kit stoolBarSquare,https://kenney.nl/assets/furniture-kit,CC0 1.0,N,OBJ,Not stated,"Furniture kit: chairs, tables, beds, cabinets and interior props.",Furniture,/home/ubuntu/BOPLUX_assets/Furniture/kenney_furniture-kit_stoolBarSquare.obj
kenney furniture-kit table,https://kenney.nl/assets/furniture-kit,CC0 1.0,N,OBJ,Not stated,"Furniture kit: chairs, tables, beds, cabinets and interior props.",Furniture,/home/ubuntu/BOPLUX_assets/Furniture/kenney_furniture-kit_table.obj
kenney furniture-kit tableCloth,https://kenney.nl/assets/furniture-kit,CC0 1.0,N,OBJ,Not stated,"Furniture kit: chairs, tables, beds, cabinets and interior props.",Furniture,/home/ubuntu/BOPLUX_assets/Furniture/kenney_furniture-kit_tableCloth.obj
kenney furniture-kit tableCoffee,https://kenney.nl/assets/furniture-kit,CC0 1.0,N,OBJ,Not stated,"Furniture kit: chairs, tables, beds, cabinets and interior props.",Furniture,/home/ubuntu/BOPLUX_assets/Furniture/kenney_furniture-kit_tableCoffee.obj
kenney furniture-kit tableCoffeeGlass,https://kenney.nl/assets/furniture-kit,CC0 1.0,N,OBJ,Not stated,"Furniture kit: chairs, tables, beds, cabinets and interior props.",Furniture,/home/ubuntu/BOPLUX_assets/Furniture/kenney_furniture-kit_tableCoffeeGlass.obj
kenney furniture-kit tableCoffeeGlassSquare,https://kenney.nl/assets/furniture-kit,CC0 1.0,N,OBJ,Not stated,"Furniture kit: chairs, tables, beds, cabinets and interior props.",Furniture,/home/ubuntu/BOPLUX_assets/Furniture/kenney_furniture-kit_tableCoffeeGlassSquare.obj
kenney furniture-kit tableCoffeeSquare,https://kenney.nl/assets/furniture-kit,CC0 1.0,N,OBJ,Not stated,"Furniture kit: chairs, tables, beds, cabinets and interior props.",Furniture,/home/ubuntu/BOPLUX_assets/Furniture/kenney_furniture-kit_tableCoffeeSquare.obj
kenney furniture-kit tableCross,https://kenney.nl/assets/furniture-kit,CC0 1.0,N,OBJ,Not stated,"Furniture kit: chairs, tables, beds, cabinets and interior props.",Furniture,/home/ubuntu/BOPLUX_assets/Furniture/kenney_furniture-kit_tableCross.obj
kenney furniture-kit tableCrossCloth,https://kenney.nl/assets/furniture-kit,CC0 1.0,N,OBJ,Not stated,"Furniture kit: chairs, tables, beds, cabinets and interior props.",Furniture,/home/ubuntu/BOPLUX_assets/Furniture/kenney_furniture-kit_tableCrossCloth.obj
kenney furniture-kit tableGlass,https://kenney.nl/assets/furniture-kit,CC0 1.0,N,OBJ,Not stated,"Furniture kit: chairs, tables, beds, cabinets and interior props.",Furniture,/home/ubuntu/BOPLUX_assets/Furniture/kenney_furniture-kit_tableGlass.obj
kenney furniture-kit tableRound,https://kenney.nl/assets/furniture-kit,CC0 1.0,N,OBJ,Not stated,"Furniture kit: chairs, tables, beds, cabinets and interior props.",Furniture,/home/ubuntu/BOPLUX_assets/Furniture/kenney_furniture-kit_tableRound.obj
kenney furniture-kit televisionAntenna,https://kenney.nl/assets/furniture-kit,CC0 1.0,N,OBJ,Not stated,"Furniture kit: chairs, tables, beds, cabinets and interior props.",Miscellaneous,/home/ubuntu/BOPLUX_assets/Miscellaneous/kenney_furniture-kit_televisionAntenna.obj
kenney furniture-kit televisionModern,https://kenney.nl/assets/furniture-kit,CC0 1.0,N,OBJ,Not stated,"Furniture kit: chairs, tables, beds, cabinets and interior props.",Miscellaneous,/home/ubuntu/BOPLUX_assets/Miscellaneous/kenney_furniture-kit_televisionModern.obj
kenney furniture-kit televisionVintage,https://kenney.nl/assets/furniture-kit,CC0 1.0,N,OBJ,Not stated,"Furniture kit: chairs, tables, beds, cabinets and interior props.",Miscellaneous,/home/ubuntu/BOPLUX_assets/Miscellaneous/kenney_furniture-kit_televisionVintage.obj
kenney furniture-kit toaster,https://kenney.nl/assets/furniture-kit,CC0 1.0,N,OBJ,Not stated,"Furniture kit: chairs, tables, beds, cabinets and interior props.",Miscellaneous,/home/ubuntu/BOPLUX_assets/Miscellaneous/kenney_furniture-kit_toaster.obj
kenney furniture-kit toilet,https://kenney.nl/assets/furniture-kit,CC0 1.0,N,OBJ,Not stated,"Furniture kit: chairs, tables, beds, cabinets and interior props.",Miscellaneous,/home/ubuntu/BOPLUX_assets/Miscellaneous/kenney_furniture-kit_toilet.obj
kenney furniture-kit toiletSquare,https://kenney.nl/assets/furniture-kit,CC0 1.0,N,OBJ,Not stated,"Furniture kit: chairs, tables, beds, cabinets and interior props.",Miscellaneous,/home/ubuntu/BOPLUX_assets/Miscellaneous/kenney_furniture-kit_toiletSquare.obj
kenney furniture-kit trashcan,https://kenney.nl/assets/furniture-kit,CC0 1.0,N,OBJ,Not stated,"Furniture kit: chairs, tables, beds, cabinets and interior props.",Crates_Barrels_Clutter,/home/ubuntu/BOPLUX_assets/Crates_Barrels_Clutter/kenney_furniture-kit_trashcan.obj
kenney furniture-kit wall,https://kenney.nl/assets/furniture-kit,CC0 1.0,N,OBJ,Not stated,"Furniture kit: chairs, tables, beds, cabinets and interior props.",Structural_Kit,/home/ubuntu/BOPLUX_assets/Structural_Kit/kenney_furniture-kit_wall.obj
kenney furniture-kit wallCorner,https://kenney.nl/assets/furniture-kit,CC0 1.0,N,OBJ,Not stated,"Furniture kit: chairs, tables, beds, cabinets and interior props.",Structural_Kit,/home/ubuntu/BOPLUX_assets/Structural_Kit/kenney_furniture-kit_wallCorner.obj
kenney furniture-kit wallCornerRond,https://kenney.nl/assets/furniture-kit,CC0 1.0,N,OBJ,Not stated,"Furniture kit: chairs, tables, beds, cabinets and interior props.",Structural_Kit,/home/ubuntu/BOPLUX_assets/Structural_Kit/kenney_furniture-kit_wallCornerRond.obj
kenney furniture-kit wallDoorway,https://kenney.nl/assets/furniture-kit,CC0 1.0,N,OBJ,Not stated,"Furniture kit: chairs, tables, beds, cabinets and interior props.",Structural_Kit,/home/ubuntu/BOPLUX_assets/Structural_Kit/kenney_furniture-kit_wallDoorway.obj
kenney furniture-kit wallDoorwayWide,https://kenney.nl/assets/furniture-kit,CC0 1.0,N,OBJ,Not stated,"Furniture kit: chairs, tables, beds, cabinets and interior props.",Structural_Kit,/home/ubuntu/BOPLUX_assets/Structural_Kit/kenney_furniture-kit_wallDoorwayWide.obj
kenney furniture-kit wallHalf,https://kenney.nl/assets/furniture-kit,CC0 1.0,N,OBJ,Not stated,"Furniture kit: chairs, tables, beds, cabinets and interior props.",Structural_Kit,/home/ubuntu/BOPLUX_assets/Structural_Kit/kenney_furniture-kit_wallHalf.obj
kenney furniture-kit wallWindow,https://kenney.nl/assets/furniture-kit,CC0 1.0,N,OBJ,Not stated,"Furniture kit: chairs, tables, beds, cabinets and interior props.",Structural_Kit,/home/ubuntu/BOPLUX_assets/Structural_Kit/kenney_furniture-kit_wallWindow.obj
kenney furniture-kit wallWindowSlide,https://kenney.nl/assets/furniture-kit,CC0 1.0,N,OBJ,Not stated,"Furniture kit: chairs, tables, beds, cabinets and interior props.",Structural_Kit,/home/ubuntu/BOPLUX_assets/Structural_Kit/kenney_furniture-kit_wallWindowSlide.obj
kenney furniture-kit washer,https://kenney.nl/assets/furniture-kit,CC0 1.0,N,OBJ,Not stated,"Furniture kit: chairs, tables, beds, cabinets and interior props.",Miscellaneous,/home/ubuntu/BOPLUX_assets/Miscellaneous/kenney_furniture-kit_washer.obj
kenney furniture-kit washerDryerStacked,https://kenney.nl/assets/furniture-kit,CC0 1.0,N,OBJ,Not stated,"Furniture kit: chairs, tables, beds, cabinets and interior props.",Miscellaneous,/home/ubuntu/BOPLUX_assets/Miscellaneous/kenney_furniture-kit_washerDryerStacked.obj
kenney retro-urban-kit balcony-ladder-bottom,https://kenney.nl/assets/retro-urban-kit,CC0 1.0,N,FBX,Not stated,Stylized urban structural kit and city props.,Structural_Kit,/home/ubuntu/BOPLUX_assets/Structural_Kit/kenney_retro-urban-kit_balcony-ladder-bottom.fbx
kenney retro-urban-kit balcony-ladder-top,https://kenney.nl/assets/retro-urban-kit,CC0 1.0,N,FBX,Not stated,Stylized urban structural kit and city props.,Structural_Kit,/home/ubuntu/BOPLUX_assets/Structural_Kit/kenney_retro-urban-kit_balcony-ladder-top.fbx
kenney retro-urban-kit balcony-type-a,https://kenney.nl/assets/retro-urban-kit,CC0 1.0,N,FBX,Not stated,Stylized urban structural kit and city props.,Structural_Kit,/home/ubuntu/BOPLUX_assets/Structural_Kit/kenney_retro-urban-kit_balcony-type-a.fbx
kenney retro-urban-kit cliff-corner,https://kenney.nl/assets/retro-urban-kit,CC0 1.0,N,FBX,Not stated,Stylized urban structural kit and city props.,Rocks_Terrain,/home/ubuntu/BOPLUX_assets/Rocks_Terrain/kenney_retro-urban-kit_cliff-corner.fbx
kenney retro-urban-kit cliff-side,https://kenney.nl/assets/retro-urban-kit,CC0 1.0,N,FBX,Not stated,Stylized urban structural kit and city props.,Rocks_Terrain,/home/ubuntu/BOPLUX_assets/Rocks_Terrain/kenney_retro-urban-kit_cliff-side.fbx
kenney retro-urban-kit detail-awning-small,https://kenney.nl/assets/retro-urban-kit,CC0 1.0,N,FBX,Not stated,Stylized urban structural kit and city props.,Structural_Kit,/home/ubuntu/BOPLUX_assets/Structural_Kit/kenney_retro-urban-kit_detail-awning-small.fbx
kenney retro-urban-kit detail-awning-wide,https://kenney.nl/assets/retro-urban-kit,CC0 1.0,N,FBX,Not stated,Stylized urban structural kit and city props.,Structural_Kit,/home/ubuntu/BOPLUX_assets/Structural_Kit/kenney_retro-urban-kit_detail-awning-wide.fbx
kenney retro-urban-kit detail-barrier-strong-damaged,https://kenney.nl/assets/retro-urban-kit,CC0 1.0,N,FBX,Not stated,Stylized urban structural kit and city props.,Structural_Kit,/home/ubuntu/BOPLUX_assets/Structural_Kit/kenney_retro-urban-kit_detail-barrier-strong-damaged.fbx
kenney retro-urban-kit detail-barrier-strong-type-a,https://kenney.nl/assets/retro-urban-kit,CC0 1.0,N,FBX,Not stated,Stylized urban structural kit and city props.,Structural_Kit,/home/ubuntu/BOPLUX_assets/Structural_Kit/kenney_retro-urban-kit_detail-barrier-strong-type-a.fbx
kenney retro-urban-kit detail-barrier-strong-type-b,https://kenney.nl/assets/retro-urban-kit,CC0 1.0,N,FBX,Not stated,Stylized urban structural kit and city props.,Structural_Kit,/home/ubuntu/BOPLUX_assets/Structural_Kit/kenney_retro-urban-kit_detail-barrier-strong-type-b.fbx
kenney retro-urban-kit detail-barrier-type-a,https://kenney.nl/assets/retro-urban-kit,CC0 1.0,N,FBX,Not stated,Stylized urban structural kit and city props.,Structural_Kit,/home/ubuntu/BOPLUX_assets/Structural_Kit/kenney_retro-urban-kit_detail-barrier-type-a.fbx
kenney retro-urban-kit detail-barrier-type-b,https://kenney.nl/assets/retro-urban-kit,CC0 1.0,N,FBX,Not stated,Stylized urban structural kit and city props.,Structural_Kit,/home/ubuntu/BOPLUX_assets/Structural_Kit/kenney_retro-urban-kit_detail-barrier-type-b.fbx
kenney retro-urban-kit detail-beam,https://kenney.nl/assets/retro-urban-kit,CC0 1.0,N,FBX,Not stated,Stylized urban structural kit and city props.,Structural_Kit,/home/ubuntu/BOPLUX_assets/Structural_Kit/kenney_retro-urban-kit_detail-beam.fbx
kenney retro-urban-kit detail-bench,https://kenney.nl/assets/retro-urban-kit,CC0 1.0,N,FBX,Not stated,Stylized urban structural kit and city props.,Structural_Kit,/home/ubuntu/BOPLUX_assets/Structural_Kit/kenney_retro-urban-kit_detail-bench.fbx
kenney retro-urban-kit detail-block,https://kenney.nl/assets/retro-urban-kit,CC0 1.0,N,FBX,Not stated,Stylized urban structural kit and city props.,Structural_Kit,/home/ubuntu/BOPLUX_assets/Structural_Kit/kenney_retro-urban-kit_detail-block.fbx
kenney retro-urban-kit detail-bricks-type-a,https://kenney.nl/assets/retro-urban-kit,CC0 1.0,N,FBX,Not stated,Stylized urban structural kit and city props.,Structural_Kit,/home/ubuntu/BOPLUX_assets/Structural_Kit/kenney_retro-urban-kit_detail-bricks-type-a.fbx
kenney retro-urban-kit detail-bricks-type-b,https://kenney.nl/assets/retro-urban-kit,CC0 1.0,N,FBX,Not stated,Stylized urban structural kit and city props.,Structural_Kit,/home/ubuntu/BOPLUX_assets/Structural_Kit/kenney_retro-urban-kit_detail-bricks-type-b.fbx
kenney retro-urban-kit detail-cables-type-a,https://kenney.nl/assets/retro-urban-kit,CC0 1.0,N,FBX,Not stated,Stylized urban structural kit and city props.,Structural_Kit,/home/ubuntu/BOPLUX_assets/Structural_Kit/kenney_retro-urban-kit_detail-cables-type-a.fbx
kenney retro-urban-kit detail-cables-type-b,https://kenney.nl/assets/retro-urban-kit,CC0 1.0,N,FBX,Not stated,Stylized urban structural kit and city props.,Structural_Kit,/home/ubuntu/BOPLUX_assets/Structural_Kit/kenney_retro-urban-kit_detail-cables-type-b.fbx
kenney retro-urban-kit detail-dumpster-closed,https://kenney.nl/assets/retro-urban-kit,CC0 1.0,N,FBX,Not stated,Stylized urban structural kit and city props.,Structural_Kit,/home/ubuntu/BOPLUX_assets/Structural_Kit/kenney_retro-urban-kit_detail-dumpster-closed.fbx
kenney retro-urban-kit detail-dumpster-open,https://kenney.nl/assets/retro-urban-kit,CC0 1.0,N,FBX,Not stated,Stylized urban structural kit and city props.,Structural_Kit,/home/ubuntu/BOPLUX_assets/Structural_Kit/kenney_retro-urban-kit_detail-dumpster-open.fbx
kenney retro-urban-kit detail-light-double,https://kenney.nl/assets/retro-urban-kit,CC0 1.0,N,FBX,Not stated,Stylized urban structural kit and city props.,Structural_Kit,/home/ubuntu/BOPLUX_assets/Structural_Kit/kenney_retro-urban-kit_detail-light-double.fbx
kenney retro-urban-kit detail-light-single,https://kenney.nl/assets/retro-urban-kit,CC0 1.0,N,FBX,Not stated,Stylized urban structural kit and city props.,Structural_Kit,/home/ubuntu/BOPLUX_assets/Structural_Kit/kenney_retro-urban-kit_detail-light-single.fbx
kenney retro-urban-kit detail-light-traffic,https://kenney.nl/assets/retro-urban-kit,CC0 1.0,N,FBX,Not stated,Stylized urban structural kit and city props.,Structural_Kit,/home/ubuntu/BOPLUX_assets/Structural_Kit/kenney_retro-urban-kit_detail-light-traffic.fbx
kenney retro-urban-kit door-type-a,https://kenney.nl/assets/retro-urban-kit,CC0 1.0,N,FBX,Not stated,Stylized urban structural kit and city props.,Structural_Kit,/home/ubuntu/BOPLUX_assets/Structural_Kit/kenney_retro-urban-kit_door-type-a.fbx
kenney retro-urban-kit door-type-b,https://kenney.nl/assets/retro-urban-kit,CC0 1.0,N,FBX,Not stated,Stylized urban structural kit and city props.,Structural_Kit,/home/ubuntu/BOPLUX_assets/Structural_Kit/kenney_retro-urban-kit_door-type-b.fbx
kenney retro-urban-kit grass-corner-inner,https://kenney.nl/assets/retro-urban-kit,CC0 1.0,N,FBX,Not stated,Stylized urban structural kit and city props.,Vegetation,/home/ubuntu/BOPLUX_assets/Vegetation/kenney_retro-urban-kit_grass-corner-inner.fbx
kenney retro-urban-kit grass-corner,https://kenney.nl/assets/retro-urban-kit,CC0 1.0,N,FBX,Not stated,Stylized urban structural kit and city props.,Vegetation,/home/ubuntu/BOPLUX_assets/Vegetation/kenney_retro-urban-kit_grass-corner.fbx
kenney retro-urban-kit grass-hill,https://kenney.nl/assets/retro-urban-kit,CC0 1.0,N,FBX,Not stated,Stylized urban structural kit and city props.,Vegetation,/home/ubuntu/BOPLUX_assets/Vegetation/kenney_retro-urban-kit_grass-hill.fbx
kenney retro-urban-kit grass,https://kenney.nl/assets/retro-urban-kit,CC0 1.0,N,FBX,Not stated,Stylized urban structural kit and city props.,Vegetation,/home/ubuntu/BOPLUX_assets/Vegetation/kenney_retro-urban-kit_grass.fbx
kenney retro-urban-kit pallet-small,https://kenney.nl/assets/retro-urban-kit,CC0 1.0,N,FBX,Not stated,Stylized urban structural kit and city props.,Structural_Kit,/home/ubuntu/BOPLUX_assets/Structural_Kit/kenney_retro-urban-kit_pallet-small.fbx
kenney retro-urban-kit pallet,https://kenney.nl/assets/retro-urban-kit,CC0 1.0,N,FBX,Not stated,Stylized urban structural kit and city props.,Structural_Kit,/home/ubuntu/BOPLUX_assets/Structural_Kit/kenney_retro-urban-kit_pallet.fbx
kenney retro-urban-kit planks,https://kenney.nl/assets/retro-urban-kit,CC0 1.0,N,FBX,Not stated,Stylized urban structural kit and city props.,Structural_Kit,/home/ubuntu/BOPLUX_assets/Structural_Kit/kenney_retro-urban-kit_planks.fbx
kenney retro-urban-kit road-asphalt-center,https://kenney.nl/assets/retro-urban-kit,CC0 1.0,N,FBX,Not stated,Stylized urban structural kit and city props.,Structural_Kit,/home/ubuntu/BOPLUX_assets/Structural_Kit/kenney_retro-urban-kit_road-asphalt-center.fbx
kenney retro-urban-kit road-asphalt-corner-inner,https://kenney.nl/assets/retro-urban-kit,CC0 1.0,N,FBX,Not stated,Stylized urban structural kit and city props.,Structural_Kit,/home/ubuntu/BOPLUX_assets/Structural_Kit/kenney_retro-urban-kit_road-asphalt-corner-inner.fbx
kenney retro-urban-kit road-asphalt-corner-outer,https://kenney.nl/assets/retro-urban-kit,CC0 1.0,N,FBX,Not stated,Stylized urban structural kit and city props.,Structural_Kit,/home/ubuntu/BOPLUX_assets/Structural_Kit/kenney_retro-urban-kit_road-asphalt-corner-outer.fbx
kenney retro-urban-kit road-asphalt-corner,https://kenney.nl/assets/retro-urban-kit,CC0 1.0,N,FBX,Not stated,Stylized urban structural kit and city props.,Structural_Kit,/home/ubuntu/BOPLUX_assets/Structural_Kit/kenney_retro-urban-kit_road-asphalt-corner.fbx
kenney retro-urban-kit road-asphalt-damaged,https://kenney.nl/assets/retro-urban-kit,CC0 1.0,N,FBX,Not stated,Stylized urban structural kit and city props.,Structural_Kit,/home/ubuntu/BOPLUX_assets/Structural_Kit/kenney_retro-urban-kit_road-asphalt-damaged.fbx
kenney retro-urban-kit road-asphalt-pavement,https://kenney.nl/assets/retro-urban-kit,CC0 1.0,N,FBX,Not stated,Stylized urban structural kit and city props.,Structural_Kit,/home/ubuntu/BOPLUX_assets/Structural_Kit/kenney_retro-urban-kit_road-asphalt-pavement.fbx
kenney retro-urban-kit road-asphalt-side,https://kenney.nl/assets/retro-urban-kit,CC0 1.0,N,FBX,Not stated,Stylized urban structural kit and city props.,Structural_Kit,/home/ubuntu/BOPLUX_assets/Structural_Kit/kenney_retro-urban-kit_road-asphalt-side.fbx
kenney retro-urban-kit road-asphalt-straight,https://kenney.nl/assets/retro-urban-kit,CC0 1.0,N,FBX,Not stated,Stylized urban structural kit and city props.,Structural_Kit,/home/ubuntu/BOPLUX_assets/Structural_Kit/kenney_retro-urban-kit_road-asphalt-straight.fbx
kenney retro-urban-kit road-dirt-center,https://kenney.nl/assets/retro-urban-kit,CC0 1.0,N,FBX,Not stated,Stylized urban structural kit and city props.,Structural_Kit,/home/ubuntu/BOPLUX_assets/Structural_Kit/kenney_retro-urban-kit_road-dirt-center.fbx
kenney retro-urban-kit road-dirt-corner-inner,https://kenney.nl/assets/retro-urban-kit,CC0 1.0,N,FBX,Not stated,Stylized urban structural kit and city props.,Structural_Kit,/home/ubuntu/BOPLUX_assets/Structural_Kit/kenney_retro-urban-kit_road-dirt-corner-inner.fbx
kenney retro-urban-kit road-dirt-corner-outer,https://kenney.nl/assets/retro-urban-kit,CC0 1.0,N,FBX,Not stated,Stylized urban structural kit and city props.,Structural_Kit,/home/ubuntu/BOPLUX_assets/Structural_Kit/kenney_retro-urban-kit_road-dirt-corner-outer.fbx
kenney retro-urban-kit road-dirt-corner,https://kenney.nl/assets/retro-urban-kit,CC0 1.0,N,FBX,Not stated,Stylized urban structural kit and city props.,Structural_Kit,/home/ubuntu/BOPLUX_assets/Structural_Kit/kenney_retro-urban-kit_road-dirt-corner.fbx
kenney retro-urban-kit road-dirt-damaged,https://kenney.nl/assets/retro-urban-kit,CC0 1.0,N,FBX,Not stated,Stylized urban structural kit and city props.,Structural_Kit,/home/ubuntu/BOPLUX_assets/Structural_Kit/kenney_retro-urban-kit_road-dirt-damaged.fbx
kenney retro-urban-kit road-dirt-pavement,https://kenney.nl/assets/retro-urban-kit,CC0 1.0,N,FBX,Not stated,Stylized urban structural kit and city props.,Structural_Kit,/home/ubuntu/BOPLUX_assets/Structural_Kit/kenney_retro-urban-kit_road-dirt-pavement.fbx
kenney retro-urban-kit road-dirt-side,https://kenney.nl/assets/retro-urban-kit,CC0 1.0,N,FBX,Not stated,Stylized urban structural kit and city props.,Structural_Kit,/home/ubuntu/BOPLUX_assets/Structural_Kit/kenney_retro-urban-kit_road-dirt-side.fbx
kenney retro-urban-kit road-dirt-straight,https://kenney.nl/assets/retro-urban-kit,CC0 1.0,N,FBX,Not stated,Stylized urban structural kit and city props.,Structural_Kit,/home/ubuntu/BOPLUX_assets/Structural_Kit/kenney_retro-urban-kit_road-dirt-straight.fbx
kenney retro-urban-kit road-dirt-tile,https://kenney.nl/assets/retro-urban-kit,CC0 1.0,N,FBX,Not stated,Stylized urban structural kit and city props.,Structural_Kit,/home/ubuntu/BOPLUX_assets/Structural_Kit/kenney_retro-urban-kit_road-dirt-tile.fbx
kenney retro-urban-kit roof-metal-poles,https://kenney.nl/assets/retro-urban-kit,CC0 1.0,N,FBX,Not stated,Stylized urban structural kit and city props.,Structural_Kit,/home/ubuntu/BOPLUX_assets/Structural_Kit/kenney_retro-urban-kit_roof-metal-poles.fbx
kenney retro-urban-kit roof-metal-type-a,https://kenney.nl/assets/retro-urban-kit,CC0 1.0,N,FBX,Not stated,Stylized urban structural kit and city props.,Structural_Kit,/home/ubuntu/BOPLUX_assets/Structural_Kit/kenney_retro-urban-kit_roof-metal-type-a.fbx
kenney retro-urban-kit roof-metal-type-b,https://kenney.nl/assets/retro-urban-kit,CC0 1.0,N,FBX,Not stated,Stylized urban structural kit and city props.,Structural_Kit,/home/ubuntu/BOPLUX_assets/Structural_Kit/kenney_retro-urban-kit_roof-metal-type-b.fbx
kenney retro-urban-kit scaffolding-floor,https://kenney.nl/assets/retro-urban-kit,CC0 1.0,N,FBX,Not stated,Stylized urban structural kit and city props.,Structural_Kit,/home/ubuntu/BOPLUX_assets/Structural_Kit/kenney_retro-urban-kit_scaffolding-floor.fbx
kenney retro-urban-kit scaffolding-poles,https://kenney.nl/assets/retro-urban-kit,CC0 1.0,N,FBX,Not stated,Stylized urban structural kit and city props.,Structural_Kit,/home/ubuntu/BOPLUX_assets/Structural_Kit/kenney_retro-urban-kit_scaffolding-poles.fbx
kenney retro-urban-kit scaffolding-structure,https://kenney.nl/assets/retro-urban-kit,CC0 1.0,N,FBX,Not stated,Stylized urban structural kit and city props.,Structural_Kit,/home/ubuntu/BOPLUX_assets/Structural_Kit/kenney_retro-urban-kit_scaffolding-structure.fbx
kenney retro-urban-kit tree-large,https://kenney.nl/assets/retro-urban-kit,CC0 1.0,N,FBX,Not stated,Stylized urban structural kit and city props.,Vegetation,/home/ubuntu/BOPLUX_assets/Vegetation/kenney_retro-urban-kit_tree-large.fbx
kenney retro-urban-kit tree-park-large,https://kenney.nl/assets/retro-urban-kit,CC0 1.0,N,FBX,Not stated,Stylized urban structural kit and city props.,Vegetation,/home/ubuntu/BOPLUX_assets/Vegetation/kenney_retro-urban-kit_tree-park-large.fbx
kenney retro-urban-kit tree-park-pine-large,https://kenney.nl/assets/retro-urban-kit,CC0 1.0,N,FBX,Not stated,Stylized urban structural kit and city props.,Vegetation,/home/ubuntu/BOPLUX_assets/Vegetation/kenney_retro-urban-kit_tree-park-pine-large.fbx
kenney retro-urban-kit tree-pine-large,https://kenney.nl/assets/retro-urban-kit,CC0 1.0,N,FBX,Not stated,Stylized urban structural kit and city props.,Vegetation,/home/ubuntu/BOPLUX_assets/Vegetation/kenney_retro-urban-kit_tree-pine-large.fbx
kenney retro-urban-kit tree-pine-small,https://kenney.nl/assets/retro-urban-kit,CC0 1.0,N,FBX,Not stated,Stylized urban structural kit and city props.,Vegetation,/home/ubuntu/BOPLUX_assets/Vegetation/kenney_retro-urban-kit_tree-pine-small.fbx
kenney retro-urban-kit tree-shrub,https://kenney.nl/assets/retro-urban-kit,CC0 1.0,N,FBX,Not stated,Stylized urban structural kit and city props.,Vegetation,/home/ubuntu/BOPLUX_assets/Vegetation/kenney_retro-urban-kit_tree-shrub.fbx
kenney retro-urban-kit tree-small,https://kenney.nl/assets/retro-urban-kit,CC0 1.0,N,FBX,Not stated,Stylized urban structural kit and city props.,Vegetation,/home/ubuntu/BOPLUX_assets/Vegetation/kenney_retro-urban-kit_tree-small.fbx
kenney retro-urban-kit truck-flat,https://kenney.nl/assets/retro-urban-kit,CC0 1.0,N,FBX,Not stated,Stylized urban structural kit and city props.,Structural_Kit,/home/ubuntu/BOPLUX_assets/Structural_Kit/kenney_retro-urban-kit_truck-flat.fbx
kenney retro-urban-kit truck-green-cargo,https://kenney.nl/assets/retro-urban-kit,CC0 1.0,N,FBX,Not stated,Stylized urban structural kit and city props.,Structural_Kit,/home/ubuntu/BOPLUX_assets/Structural_Kit/kenney_retro-urban-kit_truck-green-cargo.fbx
kenney retro-urban-kit truck-green,https://kenney.nl/assets/retro-urban-kit,CC0 1.0,N,FBX,Not stated,Stylized urban structural kit and city props.,Structural_Kit,/home/ubuntu/BOPLUX_assets/Structural_Kit/kenney_retro-urban-kit_truck-green.fbx
kenney retro-urban-kit truck-grey-cargo,https://kenney.nl/assets/retro-urban-kit,CC0 1.0,N,FBX,Not stated,Stylized urban structural kit and city props.,Structural_Kit,/home/ubuntu/BOPLUX_assets/Structural_Kit/kenney_retro-urban-kit_truck-grey-cargo.fbx
kenney retro-urban-kit truck-grey,https://kenney.nl/assets/retro-urban-kit,CC0 1.0,N,FBX,Not stated,Stylized urban structural kit and city props.,Structural_Kit,/home/ubuntu/BOPLUX_assets/Structural_Kit/kenney_retro-urban-kit_truck-grey.fbx
kenney retro-urban-kit wall-a-column-painted,https://kenney.nl/assets/retro-urban-kit,CC0 1.0,N,FBX,Not stated,Stylized urban structural kit and city props.,Structural_Kit,/home/ubuntu/BOPLUX_assets/Structural_Kit/kenney_retro-urban-kit_wall-a-column-painted.fbx
kenney retro-urban-kit wall-a-column,https://kenney.nl/assets/retro-urban-kit,CC0 1.0,N,FBX,Not stated,Stylized urban structural kit and city props.,Structural_Kit,/home/ubuntu/BOPLUX_assets/Structural_Kit/kenney_retro-urban-kit_wall-a-column.fbx
kenney retro-urban-kit wall-a-corner-painted,https://kenney.nl/assets/retro-urban-kit,CC0 1.0,N,FBX,Not stated,Stylized urban structural kit and city props.,Structural_Kit,/home/ubuntu/BOPLUX_assets/Structural_Kit/kenney_retro-urban-kit_wall-a-corner-painted.fbx
kenney retro-urban-kit wall-a-corner,https://kenney.nl/assets/retro-urban-kit,CC0 1.0,N,FBX,Not stated,Stylized urban structural kit and city props.,Structural_Kit,/home/ubuntu/BOPLUX_assets/Structural_Kit/kenney_retro-urban-kit_wall-a-corner.fbx
kenney retro-urban-kit wall-a-detail-painted,https://kenney.nl/assets/retro-urban-kit,CC0 1.0,N,FBX,Not stated,Stylized urban structural kit and city props.,Structural_Kit,/home/ubuntu/BOPLUX_assets/Structural_Kit/kenney_retro-urban-kit_wall-a-detail-painted.fbx
kenney retro-urban-kit wall-a-detail,https://kenney.nl/assets/retro-urban-kit,CC0 1.0,N,FBX,Not stated,Stylized urban structural kit and city props.,Structural_Kit,/home/ubuntu/BOPLUX_assets/Structural_Kit/kenney_retro-urban-kit_wall-a-detail.fbx
kenney retro-urban-kit wall-a-diagonal,https://kenney.nl/assets/retro-urban-kit,CC0 1.0,N,FBX,Not stated,Stylized urban structural kit and city props.,Structural_Kit,/home/ubuntu/BOPLUX_assets/Structural_Kit/kenney_retro-urban-kit_wall-a-diagonal.fbx
kenney retro-urban-kit wall-a-door,https://kenney.nl/assets/retro-urban-kit,CC0 1.0,N,FBX,Not stated,Stylized urban structural kit and city props.,Structural_Kit,/home/ubuntu/BOPLUX_assets/Structural_Kit/kenney_retro-urban-kit_wall-a-door.fbx
kenney retro-urban-kit wall-a-flat-garage,https://kenney.nl/assets/retro-urban-kit,CC0 1.0,N,FBX,Not stated,Stylized urban structural kit and city props.,Structural_Kit,/home/ubuntu/BOPLUX_assets/Structural_Kit/kenney_retro-urban-kit_wall-a-flat-garage.fbx
kenney retro-urban-kit wall-a-flat-painted,https://kenney.nl/assets/retro-urban-kit,CC0 1.0,N,FBX,Not stated,Stylized urban structural kit and city props.,Structural_Kit,/home/ubuntu/BOPLUX_assets/Structural_Kit/kenney_retro-urban-kit_wall-a-flat-painted.fbx
kenney retro-urban-kit wall-a-flat-window,https://kenney.nl/assets/retro-urban-kit,CC0 1.0,N,FBX,Not stated,Stylized urban structural kit and city props.,Structural_Kit,/home/ubuntu/BOPLUX_assets/Structural_Kit/kenney_retro-urban-kit_wall-a-flat-window.fbx
kenney retro-urban-kit wall-a-flat,https://kenney.nl/assets/retro-urban-kit,CC0 1.0,N,FBX,Not stated,Stylized urban structural kit and city props.,Structural_Kit,/home/ubuntu/BOPLUX_assets/Structural_Kit/kenney_retro-urban-kit_wall-a-flat.fbx
kenney retro-urban-kit wall-a-garage,https://kenney.nl/assets/retro-urban-kit,CC0 1.0,N,FBX,Not stated,Stylized urban structural kit and city props.,Structural_Kit,/home/ubuntu/BOPLUX_assets/Structural_Kit/kenney_retro-urban-kit_wall-a-garage.fbx
kenney retro-urban-kit wall-a-low-painted,https://kenney.nl/assets/retro-urban-kit,CC0 1.0,N,FBX,Not stated,Stylized urban structural kit and city props.,Structural_Kit,/home/ubuntu/BOPLUX_assets/Structural_Kit/kenney_retro-urban-kit_wall-a-low-painted.fbx
kenney retro-urban-kit wall-a-low,https://kenney.nl/assets/retro-urban-kit,CC0 1.0,N,FBX,Not stated,Stylized urban structural kit and city props.,Structural_Kit,/home/ubuntu/BOPLUX_assets/Structural_Kit/kenney_retro-urban-kit_wall-a-low.fbx
kenney retro-urban-kit wall-a-open,https://kenney.nl/assets/retro-urban-kit,CC0 1.0,N,FBX,Not stated,Stylized urban structural kit and city props.,Structural_Kit,/home/ubuntu/BOPLUX_assets/Structural_Kit/kenney_retro-urban-kit_wall-a-open.fbx
kenney retro-urban-kit wall-a-painted-diagonal,https://kenney.nl/assets/retro-urban-kit,CC0 1.0,N,FBX,Not stated,Stylized urban structural kit and city props.,Structural_Kit,/home/ubuntu/BOPLUX_assets/Structural_Kit/kenney_retro-urban-kit_wall-a-painted-diagonal.fbx
kenney retro-urban-kit wall-a-painted,https://kenney.nl/assets/retro-urban-kit,CC0 1.0,N,FBX,Not stated,Stylized urban structural kit and city props.,Structural_Kit,/home/ubuntu/BOPLUX_assets/Structural_Kit/kenney_retro-urban-kit_wall-a-painted.fbx
kenney retro-urban-kit wall-a-roof-detailed,https://kenney.nl/assets/retro-urban-kit,CC0 1.0,N,FBX,Not stated,Stylized urban structural kit and city props.,Structural_Kit,/home/ubuntu/BOPLUX_assets/Structural_Kit/kenney_retro-urban-kit_wall-a-roof-detailed.fbx
kenney retro-urban-kit wall-a-roof-slant-detailed,https://kenney.nl/assets/retro-urban-kit,CC0 1.0,N,FBX,Not stated,Stylized urban structural kit and city props.,Structural_Kit,/home/ubuntu/BOPLUX_assets/Structural_Kit/kenney_retro-urban-kit_wall-a-roof-slant-detailed.fbx
kenney retro-urban-kit wall-a-roof-slant,https://kenney.nl/assets/retro-urban-kit,CC0 1.0,N,FBX,Not stated,Stylized urban structural kit and city props.,Structural_Kit,/home/ubuntu/BOPLUX_assets/Structural_Kit/kenney_retro-urban-kit_wall-a-roof-slant.fbx
kenney retro-urban-kit wall-a-roof,https://kenney.nl/assets/retro-urban-kit,CC0 1.0,N,FBX,Not stated,Stylized urban structural kit and city props.,Structural_Kit,/home/ubuntu/BOPLUX_assets/Structural_Kit/kenney_retro-urban-kit_wall-a-roof.fbx
kenney retro-urban-kit wall-a-window,https://kenney.nl/assets/retro-urban-kit,CC0 1.0,N,FBX,Not stated,Stylized urban structural kit and city props.,Structural_Kit,/home/ubuntu/BOPLUX_assets/Structural_Kit/kenney_retro-urban-kit_wall-a-window.fbx
kenney retro-urban-kit wall-a,https://kenney.nl/assets/retro-urban-kit,CC0 1.0,N,FBX,Not stated,Stylized urban structural kit and city props.,Structural_Kit,/home/ubuntu/BOPLUX_assets/Structural_Kit/kenney_retro-urban-kit_wall-a.fbx
kenney retro-urban-kit wall-b-column,https://kenney.nl/assets/retro-urban-kit,CC0 1.0,N,FBX,Not stated,Stylized urban structural kit and city props.,Structural_Kit,/home/ubuntu/BOPLUX_assets/Structural_Kit/kenney_retro-urban-kit_wall-b-column.fbx
kenney retro-urban-kit wall-b-corner,https://kenney.nl/assets/retro-urban-kit,CC0 1.0,N,FBX,Not stated,Stylized urban structural kit and city props.,Structural_Kit,/home/ubuntu/BOPLUX_assets/Structural_Kit/kenney_retro-urban-kit_wall-b-corner.fbx
kenney retro-urban-kit wall-b-detail-painted,https://kenney.nl/assets/retro-urban-kit,CC0 1.0,N,FBX,Not stated,Stylized urban structural kit and city props.,Structural_Kit,/home/ubuntu/BOPLUX_assets/Structural_Kit/kenney_retro-urban-kit_wall-b-detail-painted.fbx
kenney retro-urban-kit wall-b-diagonal,https://kenney.nl/assets/retro-urban-kit,CC0 1.0,N,FBX,Not stated,Stylized urban structural kit and city props.,Structural_Kit,/home/ubuntu/BOPLUX_assets/Structural_Kit/kenney_retro-urban-kit_wall-b-diagonal.fbx
kenney retro-urban-kit wall-b-door,https://kenney.nl/assets/retro-urban-kit,CC0 1.0,N,FBX,Not stated,Stylized urban structural kit and city props.,Structural_Kit,/home/ubuntu/BOPLUX_assets/Structural_Kit/kenney_retro-urban-kit_wall-b-door.fbx
kenney retro-urban-kit wall-b-flat-garage,https://kenney.nl/assets/retro-urban-kit,CC0 1.0,N,FBX,Not stated,Stylized urban structural kit and city props.,Structural_Kit,/home/ubuntu/BOPLUX_assets/Structural_Kit/kenney_retro-urban-kit_wall-b-flat-garage.fbx
kenney retro-urban-kit wall-b-flat-window,https://kenney.nl/assets/retro-urban-kit,CC0 1.0,N,FBX,Not stated,Stylized urban structural kit and city props.,Structural_Kit,/home/ubuntu/BOPLUX_assets/Structural_Kit/kenney_retro-urban-kit_wall-b-flat-window.fbx
kenney retro-urban-kit wall-b-flat,https://kenney.nl/assets/retro-urban-kit,CC0 1.0,N,FBX,Not stated,Stylized urban structural kit and city props.,Structural_Kit,/home/ubuntu/BOPLUX_assets/Structural_Kit/kenney_retro-urban-kit_wall-b-flat.fbx
kenney retro-urban-kit wall-b-garage,https://kenney.nl/assets/retro-urban-kit,CC0 1.0,N,FBX,Not stated,Stylized urban structural kit and city props.,Structural_Kit,/home/ubuntu/BOPLUX_assets/Structural_Kit/kenney_retro-urban-kit_wall-b-garage.fbx
kenney retro-urban-kit wall-b-low,https://kenney.nl/assets/retro-urban-kit,CC0 1.0,N,FBX,Not stated,Stylized urban structural kit and city props.,Structural_Kit,/home/ubuntu/BOPLUX_assets/Structural_Kit/kenney_retro-urban-kit_wall-b-low.fbx
kenney retro-urban-kit wall-b-open,https://kenney.nl/assets/retro-urban-kit,CC0 1.0,N,FBX,Not stated,Stylized urban structural kit and city props.,Structural_Kit,/home/ubuntu/BOPLUX_assets/Structural_Kit/kenney_retro-urban-kit_wall-b-open.fbx
kenney retro-urban-kit wall-b-roof-detailed,https://kenney.nl/assets/retro-urban-kit,CC0 1.0,N,FBX,Not stated,Stylized urban structural kit and city props.,Structural_Kit,/home/ubuntu/BOPLUX_assets/Structural_Kit/kenney_retro-urban-kit_wall-b-roof-detailed.fbx
kenney retro-urban-kit wall-b-roof-slant-detailed,https://kenney.nl/assets/retro-urban-kit,CC0 1.0,N,FBX,Not stated,Stylized urban structural kit and city props.,Structural_Kit,/home/ubuntu/BOPLUX_assets/Structural_Kit/kenney_retro-urban-kit_wall-b-roof-slant-detailed.fbx
kenney retro-urban-kit wall-b-roof-slant,https://kenney.nl/assets/retro-urban-kit,CC0 1.0,N,FBX,Not stated,Stylized urban structural kit and city props.,Structural_Kit,/home/ubuntu/BOPLUX_assets/Structural_Kit/kenney_retro-urban-kit_wall-b-roof-slant.fbx
kenney retro-urban-kit wall-b-roof,https://kenney.nl/assets/retro-urban-kit,CC0 1.0,N,FBX,Not stated,Stylized urban structural kit and city props.,Structural_Kit,/home/ubuntu/BOPLUX_assets/Structural_Kit/kenney_retro-urban-kit_wall-b-roof.fbx
kenney retro-urban-kit wall-b-window,https://kenney.nl/assets/retro-urban-kit,CC0 1.0,N,FBX,Not stated,Stylized urban structural kit and city props.,Structural_Kit,/home/ubuntu/BOPLUX_assets/Structural_Kit/kenney_retro-urban-kit_wall-b-window.fbx
kenney retro-urban-kit wall-b,https://kenney.nl/assets/retro-urban-kit,CC0 1.0,N,FBX,Not stated,Stylized urban structural kit and city props.,Structural_Kit,/home/ubuntu/BOPLUX_assets/Structural_Kit/kenney_retro-urban-kit_wall-b.fbx
kenney retro-urban-kit wall-broken-type-a,https://kenney.nl/assets/retro-urban-kit,CC0 1.0,N,FBX,Not stated,Stylized urban structural kit and city props.,Structural_Kit,/home/ubuntu/BOPLUX_assets/Structural_Kit/kenney_retro-urban-kit_wall-broken-type-a.fbx
kenney retro-urban-kit wall-broken-type-b,https://kenney.nl/assets/retro-urban-kit,CC0 1.0,N,FBX,Not stated,Stylized urban structural kit and city props.,Structural_Kit,/home/ubuntu/BOPLUX_assets/Structural_Kit/kenney_retro-urban-kit_wall-broken-type-b.fbx
kenney retro-urban-kit wall-c-flat-low,https://kenney.nl/assets/retro-urban-kit,CC0 1.0,N,FBX,Not stated,Stylized urban structural kit and city props.,Structural_Kit,/home/ubuntu/BOPLUX_assets/Structural_Kit/kenney_retro-urban-kit_wall-c-flat-low.fbx
kenney retro-urban-kit wall-c-flat,https://kenney.nl/assets/retro-urban-kit,CC0 1.0,N,FBX,Not stated,Stylized urban structural kit and city props.,Structural_Kit,/home/ubuntu/BOPLUX_assets/Structural_Kit/kenney_retro-urban-kit_wall-c-flat.fbx
kenney retro-urban-kit wall-fence,https://kenney.nl/assets/retro-urban-kit,CC0 1.0,N,FBX,Not stated,Stylized urban structural kit and city props.,Structural_Kit,/home/ubuntu/BOPLUX_assets/Structural_Kit/kenney_retro-urban-kit_wall-fence.fbx
kenney retro-urban-kit wall-steps-type-a,https://kenney.nl/assets/retro-urban-kit,CC0 1.0,N,FBX,Not stated,Stylized urban structural kit and city props.,Structural_Kit,/home/ubuntu/BOPLUX_assets/Structural_Kit/kenney_retro-urban-kit_wall-steps-type-a.fbx
kenney retro-urban-kit wall-steps-type-b,https://kenney.nl/assets/retro-urban-kit,CC0 1.0,N,FBX,Not stated,Stylized urban structural kit and city props.,Structural_Kit,/home/ubuntu/BOPLUX_assets/Structural_Kit/kenney_retro-urban-kit_wall-steps-type-b.fbx
kenney retro-urban-kit wall-type-a,https://kenney.nl/assets/retro-urban-kit,CC0 1.0,N,FBX,Not stated,Stylized urban structural kit and city props.,Structural_Kit,/home/ubuntu/BOPLUX_assets/Structural_Kit/kenney_retro-urban-kit_wall-type-a.fbx
kenney retro-urban-kit wall-type-b,https://kenney.nl/assets/retro-urban-kit,CC0 1.0,N,FBX,Not stated,Stylized urban structural kit and city props.,Structural_Kit,/home/ubuntu/BOPLUX_assets/Structural_Kit/kenney_retro-urban-kit_wall-type-b.fbx
kenney retro-urban-kit window-small-type-a,https://kenney.nl/assets/retro-urban-kit,CC0 1.0,N,FBX,Not stated,Stylized urban structural kit and city props.,Structural_Kit,/home/ubuntu/BOPLUX_assets/Structural_Kit/kenney_retro-urban-kit_window-small-type-a.fbx
kenney retro-urban-kit window-small-type-b,https://kenney.nl/assets/retro-urban-kit,CC0 1.0,N,FBX,Not stated,Stylized urban structural kit and city props.,Structural_Kit,/home/ubuntu/BOPLUX_assets/Structural_Kit/kenney_retro-urban-kit_window-small-type-b.fbx
kenney retro-urban-kit window-wide-type-a,https://kenney.nl/assets/retro-urban-kit,CC0 1.0,N,FBX,Not stated,Stylized urban structural kit and city props.,Structural_Kit,/home/ubuntu/BOPLUX_assets/Structural_Kit/kenney_retro-urban-kit_window-wide-type-a.fbx
kenney retro-urban-kit window-wide-type-b,https://kenney.nl/assets/retro-urban-kit,CC0 1.0,N,FBX,Not stated,Stylized urban structural kit and city props.,Structural_Kit,/home/ubuntu/BOPLUX_assets/Structural_Kit/kenney_retro-urban-kit_window-wide-type-b.fbx
kenney retro-urban-kit window-wide-type-c,https://kenney.nl/assets/retro-urban-kit,CC0 1.0,N,FBX,Not stated,Stylized urban structural kit and city props.,Structural_Kit,/home/ubuntu/BOPLUX_assets/Structural_Kit/kenney_retro-urban-kit_window-wide-type-c.fbx
kenney retro-urban-kit window-wide-type-d,https://kenney.nl/assets/retro-urban-kit,CC0 1.0,N,FBX,Not stated,Stylized urban structural kit and city props.,Structural_Kit,/home/ubuntu/BOPLUX_assets/Structural_Kit/kenney_retro-urban-kit_window-wide-type-d.fbx
kenney retro-urban-kit balcony-ladder-bottom,https://kenney.nl/assets/retro-urban-kit,CC0 1.0,N,GLB,Not stated,Stylized urban structural kit and city props.,Structural_Kit,/home/ubuntu/BOPLUX_assets/Structural_Kit/kenney_retro-urban-kit_balcony-ladder-bottom.glb
kenney retro-urban-kit balcony-ladder-top,https://kenney.nl/assets/retro-urban-kit,CC0 1.0,N,GLB,Not stated,Stylized urban structural kit and city props.,Structural_Kit,/home/ubuntu/BOPLUX_assets/Structural_Kit/kenney_retro-urban-kit_balcony-ladder-top.glb
kenney retro-urban-kit balcony-type-a,https://kenney.nl/assets/retro-urban-kit,CC0 1.0,N,GLB,Not stated,Stylized urban structural kit and city props.,Structural_Kit,/home/ubuntu/BOPLUX_assets/Structural_Kit/kenney_retro-urban-kit_balcony-type-a.glb
kenney retro-urban-kit cliff-corner,https://kenney.nl/assets/retro-urban-kit,CC0 1.0,N,GLB,Not stated,Stylized urban structural kit and city props.,Rocks_Terrain,/home/ubuntu/BOPLUX_assets/Rocks_Terrain/kenney_retro-urban-kit_cliff-corner.glb
kenney retro-urban-kit cliff-side,https://kenney.nl/assets/retro-urban-kit,CC0 1.0,N,GLB,Not stated,Stylized urban structural kit and city props.,Rocks_Terrain,/home/ubuntu/BOPLUX_assets/Rocks_Terrain/kenney_retro-urban-kit_cliff-side.glb
kenney retro-urban-kit detail-awning-small,https://kenney.nl/assets/retro-urban-kit,CC0 1.0,N,GLB,Not stated,Stylized urban structural kit and city props.,Structural_Kit,/home/ubuntu/BOPLUX_assets/Structural_Kit/kenney_retro-urban-kit_detail-awning-small.glb
kenney retro-urban-kit detail-awning-wide,https://kenney.nl/assets/retro-urban-kit,CC0 1.0,N,GLB,Not stated,Stylized urban structural kit and city props.,Structural_Kit,/home/ubuntu/BOPLUX_assets/Structural_Kit/kenney_retro-urban-kit_detail-awning-wide.glb
kenney retro-urban-kit detail-barrier-strong-damaged,https://kenney.nl/assets/retro-urban-kit,CC0 1.0,N,GLB,Not stated,Stylized urban structural kit and city props.,Structural_Kit,/home/ubuntu/BOPLUX_assets/Structural_Kit/kenney_retro-urban-kit_detail-barrier-strong-damaged.glb
kenney retro-urban-kit detail-barrier-strong-type-a,https://kenney.nl/assets/retro-urban-kit,CC0 1.0,N,GLB,Not stated,Stylized urban structural kit and city props.,Structural_Kit,/home/ubuntu/BOPLUX_assets/Structural_Kit/kenney_retro-urban-kit_detail-barrier-strong-type-a.glb
kenney retro-urban-kit detail-barrier-strong-type-b,https://kenney.nl/assets/retro-urban-kit,CC0 1.0,N,GLB,Not stated,Stylized urban structural kit and city props.,Structural_Kit,/home/ubuntu/BOPLUX_assets/Structural_Kit/kenney_retro-urban-kit_detail-barrier-strong-type-b.glb
kenney retro-urban-kit detail-barrier-type-a,https://kenney.nl/assets/retro-urban-kit,CC0 1.0,N,GLB,Not stated,Stylized urban structural kit and city props.,Structural_Kit,/home/ubuntu/BOPLUX_assets/Structural_Kit/kenney_retro-urban-kit_detail-barrier-type-a.glb
kenney retro-urban-kit detail-barrier-type-b,https://kenney.nl/assets/retro-urban-kit,CC0 1.0,N,GLB,Not stated,Stylized urban structural kit and city props.,Structural_Kit,/home/ubuntu/BOPLUX_assets/Structural_Kit/kenney_retro-urban-kit_detail-barrier-type-b.glb
kenney retro-urban-kit detail-beam,https://kenney.nl/assets/retro-urban-kit,CC0 1.0,N,GLB,Not stated,Stylized urban structural kit and city props.,Structural_Kit,/home/ubuntu/BOPLUX_assets/Structural_Kit/kenney_retro-urban-kit_detail-beam.glb
kenney retro-urban-kit detail-bench,https://kenney.nl/assets/retro-urban-kit,CC0 1.0,N,GLB,Not stated,Stylized urban structural kit and city props.,Structural_Kit,/home/ubuntu/BOPLUX_assets/Structural_Kit/kenney_retro-urban-kit_detail-bench.glb
kenney retro-urban-kit detail-block,https://kenney.nl/assets/retro-urban-kit,CC0 1.0,N,GLB,Not stated,Stylized urban structural kit and city props.,Structural_Kit,/home/ubuntu/BOPLUX_assets/Structural_Kit/kenney_retro-urban-kit_detail-block.glb
kenney retro-urban-kit detail-bricks-type-a,https://kenney.nl/assets/retro-urban-kit,CC0 1.0,N,GLB,Not stated,Stylized urban structural kit and city props.,Structural_Kit,/home/ubuntu/BOPLUX_assets/Structural_Kit/kenney_retro-urban-kit_detail-bricks-type-a.glb
kenney retro-urban-kit detail-bricks-type-b,https://kenney.nl/assets/retro-urban-kit,CC0 1.0,N,GLB,Not stated,Stylized urban structural kit and city props.,Structural_Kit,/home/ubuntu/BOPLUX_assets/Structural_Kit/kenney_retro-urban-kit_detail-bricks-type-b.glb
kenney retro-urban-kit detail-cables-type-a,https://kenney.nl/assets/retro-urban-kit,CC0 1.0,N,GLB,Not stated,Stylized urban structural kit and city props.,Structural_Kit,/home/ubuntu/BOPLUX_assets/Structural_Kit/kenney_retro-urban-kit_detail-cables-type-a.glb
kenney retro-urban-kit detail-cables-type-b,https://kenney.nl/assets/retro-urban-kit,CC0 1.0,N,GLB,Not stated,Stylized urban structural kit and city props.,Structural_Kit,/home/ubuntu/BOPLUX_assets/Structural_Kit/kenney_retro-urban-kit_detail-cables-type-b.glb
kenney retro-urban-kit detail-dumpster-closed,https://kenney.nl/assets/retro-urban-kit,CC0 1.0,N,GLB,Not stated,Stylized urban structural kit and city props.,Structural_Kit,/home/ubuntu/BOPLUX_assets/Structural_Kit/kenney_retro-urban-kit_detail-dumpster-closed.glb
kenney retro-urban-kit detail-dumpster-open,https://kenney.nl/assets/retro-urban-kit,CC0 1.0,N,GLB,Not stated,Stylized urban structural kit and city props.,Structural_Kit,/home/ubuntu/BOPLUX_assets/Structural_Kit/kenney_retro-urban-kit_detail-dumpster-open.glb
kenney retro-urban-kit detail-light-double,https://kenney.nl/assets/retro-urban-kit,CC0 1.0,N,GLB,Not stated,Stylized urban structural kit and city props.,Structural_Kit,/home/ubuntu/BOPLUX_assets/Structural_Kit/kenney_retro-urban-kit_detail-light-double.glb
kenney retro-urban-kit detail-light-single,https://kenney.nl/assets/retro-urban-kit,CC0 1.0,N,GLB,Not stated,Stylized urban structural kit and city props.,Structural_Kit,/home/ubuntu/BOPLUX_assets/Structural_Kit/kenney_retro-urban-kit_detail-light-single.glb
kenney retro-urban-kit detail-light-traffic,https://kenney.nl/assets/retro-urban-kit,CC0 1.0,N,GLB,Not stated,Stylized urban structural kit and city props.,Structural_Kit,/home/ubuntu/BOPLUX_assets/Structural_Kit/kenney_retro-urban-kit_detail-light-traffic.glb
kenney retro-urban-kit door-type-a,https://kenney.nl/assets/retro-urban-kit,CC0 1.0,N,GLB,Not stated,Stylized urban structural kit and city props.,Structural_Kit,/home/ubuntu/BOPLUX_assets/Structural_Kit/kenney_retro-urban-kit_door-type-a.glb
kenney retro-urban-kit door-type-b,https://kenney.nl/assets/retro-urban-kit,CC0 1.0,N,GLB,Not stated,Stylized urban structural kit and city props.,Structural_Kit,/home/ubuntu/BOPLUX_assets/Structural_Kit/kenney_retro-urban-kit_door-type-b.glb
kenney retro-urban-kit grass-corner-inner,https://kenney.nl/assets/retro-urban-kit,CC0 1.0,N,GLB,Not stated,Stylized urban structural kit and city props.,Vegetation,/home/ubuntu/BOPLUX_assets/Vegetation/kenney_retro-urban-kit_grass-corner-inner.glb
kenney retro-urban-kit grass-corner,https://kenney.nl/assets/retro-urban-kit,CC0 1.0,N,GLB,Not stated,Stylized urban structural kit and city props.,Vegetation,/home/ubuntu/BOPLUX_assets/Vegetation/kenney_retro-urban-kit_grass-corner.glb
kenney retro-urban-kit grass-hill,https://kenney.nl/assets/retro-urban-kit,CC0 1.0,N,GLB,Not stated,Stylized urban structural kit and city props.,Vegetation,/home/ubuntu/BOPLUX_assets/Vegetation/kenney_retro-urban-kit_grass-hill.glb
kenney retro-urban-kit grass,https://kenney.nl/assets/retro-urban-kit,CC0 1.0,N,GLB,Not stated,Stylized urban structural kit and city props.,Vegetation,/home/ubuntu/BOPLUX_assets/Vegetation/kenney_retro-urban-kit_grass.glb
kenney retro-urban-kit pallet-small,https://kenney.nl/assets/retro-urban-kit,CC0 1.0,N,GLB,Not stated,Stylized urban structural kit and city props.,Structural_Kit,/home/ubuntu/BOPLUX_assets/Structural_Kit/kenney_retro-urban-kit_pallet-small.glb
kenney retro-urban-kit pallet,https://kenney.nl/assets/retro-urban-kit,CC0 1.0,N,GLB,Not stated,Stylized urban structural kit and city props.,Structural_Kit,/home/ubuntu/BOPLUX_assets/Structural_Kit/kenney_retro-urban-kit_pallet.glb
kenney retro-urban-kit planks,https://kenney.nl/assets/retro-urban-kit,CC0 1.0,N,GLB,Not stated,Stylized urban structural kit and city props.,Structural_Kit,/home/ubuntu/BOPLUX_assets/Structural_Kit/kenney_retro-urban-kit_planks.glb
kenney retro-urban-kit road-asphalt-center,https://kenney.nl/assets/retro-urban-kit,CC0 1.0,N,GLB,Not stated,Stylized urban structural kit and city props.,Structural_Kit,/home/ubuntu/BOPLUX_assets/Structural_Kit/kenney_retro-urban-kit_road-asphalt-center.glb
kenney retro-urban-kit road-asphalt-corner-inner,https://kenney.nl/assets/retro-urban-kit,CC0 1.0,N,GLB,Not stated,Stylized urban structural kit and city props.,Structural_Kit,/home/ubuntu/BOPLUX_assets/Structural_Kit/kenney_retro-urban-kit_road-asphalt-corner-inner.glb
kenney retro-urban-kit road-asphalt-corner-outer,https://kenney.nl/assets/retro-urban-kit,CC0 1.0,N,GLB,Not stated,Stylized urban structural kit and city props.,Structural_Kit,/home/ubuntu/BOPLUX_assets/Structural_Kit/kenney_retro-urban-kit_road-asphalt-corner-outer.glb
kenney retro-urban-kit road-asphalt-corner,https://kenney.nl/assets/retro-urban-kit,CC0 1.0,N,GLB,Not stated,Stylized urban structural kit and city props.,Structural_Kit,/home/ubuntu/BOPLUX_assets/Structural_Kit/kenney_retro-urban-kit_road-asphalt-corner.glb
kenney retro-urban-kit road-asphalt-damaged,https://kenney.nl/assets/retro-urban-kit,CC0 1.0,N,GLB,Not stated,Stylized urban structural kit and city props.,Structural_Kit,/home/ubuntu/BOPLUX_assets/Structural_Kit/kenney_retro-urban-kit_road-asphalt-damaged.glb
kenney retro-urban-kit road-asphalt-pavement,https://kenney.nl/assets/retro-urban-kit,CC0 1.0,N,GLB,Not stated,Stylized urban structural kit and city props.,Structural_Kit,/home/ubuntu/BOPLUX_assets/Structural_Kit/kenney_retro-urban-kit_road-asphalt-pavement.glb
kenney retro-urban-kit road-asphalt-side,https://kenney.nl/assets/retro-urban-kit,CC0 1.0,N,GLB,Not stated,Stylized urban structural kit and city props.,Structural_Kit,/home/ubuntu/BOPLUX_assets/Structural_Kit/kenney_retro-urban-kit_road-asphalt-side.glb
kenney retro-urban-kit road-asphalt-straight,https://kenney.nl/assets/retro-urban-kit,CC0 1.0,N,GLB,Not stated,Stylized urban structural kit and city props.,Structural_Kit,/home/ubuntu/BOPLUX_assets/Structural_Kit/kenney_retro-urban-kit_road-asphalt-straight.glb
kenney retro-urban-kit road-dirt-center,https://kenney.nl/assets/retro-urban-kit,CC0 1.0,N,GLB,Not stated,Stylized urban structural kit and city props.,Structural_Kit,/home/ubuntu/BOPLUX_assets/Structural_Kit/kenney_retro-urban-kit_road-dirt-center.glb
kenney retro-urban-kit road-dirt-corner-inner,https://kenney.nl/assets/retro-urban-kit,CC0 1.0,N,GLB,Not stated,Stylized urban structural kit and city props.,Structural_Kit,/home/ubuntu/BOPLUX_assets/Structural_Kit/kenney_retro-urban-kit_road-dirt-corner-inner.glb
kenney retro-urban-kit road-dirt-corner-outer,https://kenney.nl/assets/retro-urban-kit,CC0 1.0,N,GLB,Not stated,Stylized urban structural kit and city props.,Structural_Kit,/home/ubuntu/BOPLUX_assets/Structural_Kit/kenney_retro-urban-kit_road-dirt-corner-outer.glb
kenney retro-urban-kit road-dirt-corner,https://kenney.nl/assets/retro-urban-kit,CC0 1.0,N,GLB,Not stated,Stylized urban structural kit and city props.,Structural_Kit,/home/ubuntu/BOPLUX_assets/Structural_Kit/kenney_retro-urban-kit_road-dirt-corner.glb
kenney retro-urban-kit road-dirt-damaged,https://kenney.nl/assets/retro-urban-kit,CC0 1.0,N,GLB,Not stated,Stylized urban structural kit and city props.,Structural_Kit,/home/ubuntu/BOPLUX_assets/Structural_Kit/kenney_retro-urban-kit_road-dirt-damaged.glb
kenney retro-urban-kit road-dirt-pavement,https://kenney.nl/assets/retro-urban-kit,CC0 1.0,N,GLB,Not stated,Stylized urban structural kit and city props.,Structural_Kit,/home/ubuntu/BOPLUX_assets/Structural_Kit/kenney_retro-urban-kit_road-dirt-pavement.glb
kenney retro-urban-kit road-dirt-side,https://kenney.nl/assets/retro-urban-kit,CC0 1.0,N,GLB,Not stated,Stylized urban structural kit and city props.,Structural_Kit,/home/ubuntu/BOPLUX_assets/Structural_Kit/kenney_retro-urban-kit_road-dirt-side.glb
kenney retro-urban-kit road-dirt-straight,https://kenney.nl/assets/retro-urban-kit,CC0 1.0,N,GLB,Not stated,Stylized urban structural kit and city props.,Structural_Kit,/home/ubuntu/BOPLUX_assets/Structural_Kit/kenney_retro-urban-kit_road-dirt-straight.glb
kenney retro-urban-kit road-dirt-tile,https://kenney.nl/assets/retro-urban-kit,CC0 1.0,N,GLB,Not stated,Stylized urban structural kit and city props.,Structural_Kit,/home/ubuntu/BOPLUX_assets/Structural_Kit/kenney_retro-urban-kit_road-dirt-tile.glb
kenney retro-urban-kit roof-metal-poles,https://kenney.nl/assets/retro-urban-kit,CC0 1.0,N,GLB,Not stated,Stylized urban structural kit and city props.,Structural_Kit,/home/ubuntu/BOPLUX_assets/Structural_Kit/kenney_retro-urban-kit_roof-metal-poles.glb
kenney retro-urban-kit roof-metal-type-a,https://kenney.nl/assets/retro-urban-kit,CC0 1.0,N,GLB,Not stated,Stylized urban structural kit and city props.,Structural_Kit,/home/ubuntu/BOPLUX_assets/Structural_Kit/kenney_retro-urban-kit_roof-metal-type-a.glb
kenney retro-urban-kit roof-metal-type-b,https://kenney.nl/assets/retro-urban-kit,CC0 1.0,N,GLB,Not stated,Stylized urban structural kit and city props.,Structural_Kit,/home/ubuntu/BOPLUX_assets/Structural_Kit/kenney_retro-urban-kit_roof-metal-type-b.glb
kenney retro-urban-kit scaffolding-floor,https://kenney.nl/assets/retro-urban-kit,CC0 1.0,N,GLB,Not stated,Stylized urban structural kit and city props.,Structural_Kit,/home/ubuntu/BOPLUX_assets/Structural_Kit/kenney_retro-urban-kit_scaffolding-floor.glb
kenney retro-urban-kit scaffolding-poles,https://kenney.nl/assets/retro-urban-kit,CC0 1.0,N,GLB,Not stated,Stylized urban structural kit and city props.,Structural_Kit,/home/ubuntu/BOPLUX_assets/Structural_Kit/kenney_retro-urban-kit_scaffolding-poles.glb
kenney retro-urban-kit scaffolding-structure,https://kenney.nl/assets/retro-urban-kit,CC0 1.0,N,GLB,Not stated,Stylized urban structural kit and city props.,Structural_Kit,/home/ubuntu/BOPLUX_assets/Structural_Kit/kenney_retro-urban-kit_scaffolding-structure.glb
kenney retro-urban-kit tree-large,https://kenney.nl/assets/retro-urban-kit,CC0 1.0,N,GLB,Not stated,Stylized urban structural kit and city props.,Vegetation,/home/ubuntu/BOPLUX_assets/Vegetation/kenney_retro-urban-kit_tree-large.glb
kenney retro-urban-kit tree-park-large,https://kenney.nl/assets/retro-urban-kit,CC0 1.0,N,GLB,Not stated,Stylized urban structural kit and city props.,Vegetation,/home/ubuntu/BOPLUX_assets/Vegetation/kenney_retro-urban-kit_tree-park-large.glb
kenney retro-urban-kit tree-park-pine-large,https://kenney.nl/assets/retro-urban-kit,CC0 1.0,N,GLB,Not stated,Stylized urban structural kit and city props.,Vegetation,/home/ubuntu/BOPLUX_assets/Vegetation/kenney_retro-urban-kit_tree-park-pine-large.glb
kenney retro-urban-kit tree-pine-large,https://kenney.nl/assets/retro-urban-kit,CC0 1.0,N,GLB,Not stated,Stylized urban structural kit and city props.,Vegetation,/home/ubuntu/BOPLUX_assets/Vegetation/kenney_retro-urban-kit_tree-pine-large.glb
kenney retro-urban-kit tree-pine-small,https://kenney.nl/assets/retro-urban-kit,CC0 1.0,N,GLB,Not stated,Stylized urban structural kit and city props.,Vegetation,/home/ubuntu/BOPLUX_assets/Vegetation/kenney_retro-urban-kit_tree-pine-small.glb
kenney retro-urban-kit tree-shrub,https://kenney.nl/assets/retro-urban-kit,CC0 1.0,N,GLB,Not stated,Stylized urban structural kit and city props.,Vegetation,/home/ubuntu/BOPLUX_assets/Vegetation/kenney_retro-urban-kit_tree-shrub.glb
kenney retro-urban-kit tree-small,https://kenney.nl/assets/retro-urban-kit,CC0 1.0,N,GLB,Not stated,Stylized urban structural kit and city props.,Vegetation,/home/ubuntu/BOPLUX_assets/Vegetation/kenney_retro-urban-kit_tree-small.glb
kenney retro-urban-kit truck-flat,https://kenney.nl/assets/retro-urban-kit,CC0 1.0,N,GLB,Not stated,Stylized urban structural kit and city props.,Structural_Kit,/home/ubuntu/BOPLUX_assets/Structural_Kit/kenney_retro-urban-kit_truck-flat.glb
kenney retro-urban-kit truck-green-cargo,https://kenney.nl/assets/retro-urban-kit,CC0 1.0,N,GLB,Not stated,Stylized urban structural kit and city props.,Structural_Kit,/home/ubuntu/BOPLUX_assets/Structural_Kit/kenney_retro-urban-kit_truck-green-cargo.glb
kenney retro-urban-kit truck-green,https://kenney.nl/assets/retro-urban-kit,CC0 1.0,N,GLB,Not stated,Stylized urban structural kit and city props.,Structural_Kit,/home/ubuntu/BOPLUX_assets/Structural_Kit/kenney_retro-urban-kit_truck-green.glb
kenney retro-urban-kit truck-grey-cargo,https://kenney.nl/assets/retro-urban-kit,CC0 1.0,N,GLB,Not stated,Stylized urban structural kit and city props.,Structural_Kit,/home/ubuntu/BOPLUX_assets/Structural_Kit/kenney_retro-urban-kit_truck-grey-cargo.glb
kenney retro-urban-kit truck-grey,https://kenney.nl/assets/retro-urban-kit,CC0 1.0,N,GLB,Not stated,Stylized urban structural kit and city props.,Structural_Kit,/home/ubuntu/BOPLUX_assets/Structural_Kit/kenney_retro-urban-kit_truck-grey.glb
kenney retro-urban-kit wall-a-column-painted,https://kenney.nl/assets/retro-urban-kit,CC0 1.0,N,GLB,Not stated,Stylized urban structural kit and city props.,Structural_Kit,/home/ubuntu/BOPLUX_assets/Structural_Kit/kenney_retro-urban-kit_wall-a-column-painted.glb
kenney retro-urban-kit wall-a-column,https://kenney.nl/assets/retro-urban-kit,CC0 1.0,N,GLB,Not stated,Stylized urban structural kit and city props.,Structural_Kit,/home/ubuntu/BOPLUX_assets/Structural_Kit/kenney_retro-urban-kit_wall-a-column.glb
kenney retro-urban-kit wall-a-corner-painted,https://kenney.nl/assets/retro-urban-kit,CC0 1.0,N,GLB,Not stated,Stylized urban structural kit and city props.,Structural_Kit,/home/ubuntu/BOPLUX_assets/Structural_Kit/kenney_retro-urban-kit_wall-a-corner-painted.glb
kenney retro-urban-kit wall-a-corner,https://kenney.nl/assets/retro-urban-kit,CC0 1.0,N,GLB,Not stated,Stylized urban structural kit and city props.,Structural_Kit,/home/ubuntu/BOPLUX_assets/Structural_Kit/kenney_retro-urban-kit_wall-a-corner.glb
kenney retro-urban-kit wall-a-detail-painted,https://kenney.nl/assets/retro-urban-kit,CC0 1.0,N,GLB,Not stated,Stylized urban structural kit and city props.,Structural_Kit,/home/ubuntu/BOPLUX_assets/Structural_Kit/kenney_retro-urban-kit_wall-a-detail-painted.glb
kenney retro-urban-kit wall-a-detail,https://kenney.nl/assets/retro-urban-kit,CC0 1.0,N,GLB,Not stated,Stylized urban structural kit and city props.,Structural_Kit,/home/ubuntu/BOPLUX_assets/Structural_Kit/kenney_retro-urban-kit_wall-a-detail.glb
kenney retro-urban-kit wall-a-diagonal,https://kenney.nl/assets/retro-urban-kit,CC0 1.0,N,GLB,Not stated,Stylized urban structural kit and city props.,Structural_Kit,/home/ubuntu/BOPLUX_assets/Structural_Kit/kenney_retro-urban-kit_wall-a-diagonal.glb
kenney retro-urban-kit wall-a-door,https://kenney.nl/assets/retro-urban-kit,CC0 1.0,N,GLB,Not stated,Stylized urban structural kit and city props.,Structural_Kit,/home/ubuntu/BOPLUX_assets/Structural_Kit/kenney_retro-urban-kit_wall-a-door.glb
kenney retro-urban-kit wall-a-flat-garage,https://kenney.nl/assets/retro-urban-kit,CC0 1.0,N,GLB,Not stated,Stylized urban structural kit and city props.,Structural_Kit,/home/ubuntu/BOPLUX_assets/Structural_Kit/kenney_retro-urban-kit_wall-a-flat-garage.glb
kenney retro-urban-kit wall-a-flat-painted,https://kenney.nl/assets/retro-urban-kit,CC0 1.0,N,GLB,Not stated,Stylized urban structural kit and city props.,Structural_Kit,/home/ubuntu/BOPLUX_assets/Structural_Kit/kenney_retro-urban-kit_wall-a-flat-painted.glb
kenney retro-urban-kit wall-a-flat-window,https://kenney.nl/assets/retro-urban-kit,CC0 1.0,N,GLB,Not stated,Stylized urban structural kit and city props.,Structural_Kit,/home/ubuntu/BOPLUX_assets/Structural_Kit/kenney_retro-urban-kit_wall-a-flat-window.glb
kenney retro-urban-kit wall-a-flat,https://kenney.nl/assets/retro-urban-kit,CC0 1.0,N,GLB,Not stated,Stylized urban structural kit and city props.,Structural_Kit,/home/ubuntu/BOPLUX_assets/Structural_Kit/kenney_retro-urban-kit_wall-a-flat.glb
kenney retro-urban-kit wall-a-garage,https://kenney.nl/assets/retro-urban-kit,CC0 1.0,N,GLB,Not stated,Stylized urban structural kit and city props.,Structural_Kit,/home/ubuntu/BOPLUX_assets/Structural_Kit/kenney_retro-urban-kit_wall-a-garage.glb
kenney retro-urban-kit wall-a-low-painted,https://kenney.nl/assets/retro-urban-kit,CC0 1.0,N,GLB,Not stated,Stylized urban structural kit and city props.,Structural_Kit,/home/ubuntu/BOPLUX_assets/Structural_Kit/kenney_retro-urban-kit_wall-a-low-painted.glb
kenney retro-urban-kit wall-a-low,https://kenney.nl/assets/retro-urban-kit,CC0 1.0,N,GLB,Not stated,Stylized urban structural kit and city props.,Structural_Kit,/home/ubuntu/BOPLUX_assets/Structural_Kit/kenney_retro-urban-kit_wall-a-low.glb
kenney retro-urban-kit wall-a-open,https://kenney.nl/assets/retro-urban-kit,CC0 1.0,N,GLB,Not stated,Stylized urban structural kit and city props.,Structural_Kit,/home/ubuntu/BOPLUX_assets/Structural_Kit/kenney_retro-urban-kit_wall-a-open.glb
kenney retro-urban-kit wall-a-painted-diagonal,https://kenney.nl/assets/retro-urban-kit,CC0 1.0,N,GLB,Not stated,Stylized urban structural kit and city props.,Structural_Kit,/home/ubuntu/BOPLUX_assets/Structural_Kit/kenney_retro-urban-kit_wall-a-painted-diagonal.glb
kenney retro-urban-kit wall-a-painted,https://kenney.nl/assets/retro-urban-kit,CC0 1.0,N,GLB,Not stated,Stylized urban structural kit and city props.,Structural_Kit,/home/ubuntu/BOPLUX_assets/Structural_Kit/kenney_retro-urban-kit_wall-a-painted.glb
kenney retro-urban-kit wall-a-roof-detailed,https://kenney.nl/assets/retro-urban-kit,CC0 1.0,N,GLB,Not stated,Stylized urban structural kit and city props.,Structural_Kit,/home/ubuntu/BOPLUX_assets/Structural_Kit/kenney_retro-urban-kit_wall-a-roof-detailed.glb
kenney retro-urban-kit wall-a-roof-slant-detailed,https://kenney.nl/assets/retro-urban-kit,CC0 1.0,N,GLB,Not stated,Stylized urban structural kit and city props.,Structural_Kit,/home/ubuntu/BOPLUX_assets/Structural_Kit/kenney_retro-urban-kit_wall-a-roof-slant-detailed.glb
kenney retro-urban-kit wall-a-roof-slant,https://kenney.nl/assets/retro-urban-kit,CC0 1.0,N,GLB,Not stated,Stylized urban structural kit and city props.,Structural_Kit,/home/ubuntu/BOPLUX_assets/Structural_Kit/kenney_retro-urban-kit_wall-a-roof-slant.glb
kenney retro-urban-kit wall-a-roof,https://kenney.nl/assets/retro-urban-kit,CC0 1.0,N,GLB,Not stated,Stylized urban structural kit and city props.,Structural_Kit,/home/ubuntu/BOPLUX_assets/Structural_Kit/kenney_retro-urban-kit_wall-a-roof.glb
kenney retro-urban-kit wall-a-window,https://kenney.nl/assets/retro-urban-kit,CC0 1.0,N,GLB,Not stated,Stylized urban structural kit and city props.,Structural_Kit,/home/ubuntu/BOPLUX_assets/Structural_Kit/kenney_retro-urban-kit_wall-a-window.glb
kenney retro-urban-kit wall-a,https://kenney.nl/assets/retro-urban-kit,CC0 1.0,N,GLB,Not stated,Stylized urban structural kit and city props.,Structural_Kit,/home/ubuntu/BOPLUX_assets/Structural_Kit/kenney_retro-urban-kit_wall-a.glb
kenney retro-urban-kit wall-b-column,https://kenney.nl/assets/retro-urban-kit,CC0 1.0,N,GLB,Not stated,Stylized urban structural kit and city props.,Structural_Kit,/home/ubuntu/BOPLUX_assets/Structural_Kit/kenney_retro-urban-kit_wall-b-column.glb
kenney retro-urban-kit wall-b-corner,https://kenney.nl/assets/retro-urban-kit,CC0 1.0,N,GLB,Not stated,Stylized urban structural kit and city props.,Structural_Kit,/home/ubuntu/BOPLUX_assets/Structural_Kit/kenney_retro-urban-kit_wall-b-corner.glb
kenney retro-urban-kit wall-b-detail-painted,https://kenney.nl/assets/retro-urban-kit,CC0 1.0,N,GLB,Not stated,Stylized urban structural kit and city props.,Structural_Kit,/home/ubuntu/BOPLUX_assets/Structural_Kit/kenney_retro-urban-kit_wall-b-detail-painted.glb
kenney retro-urban-kit wall-b-diagonal,https://kenney.nl/assets/retro-urban-kit,CC0 1.0,N,GLB,Not stated,Stylized urban structural kit and city props.,Structural_Kit,/home/ubuntu/BOPLUX_assets/Structural_Kit/kenney_retro-urban-kit_wall-b-diagonal.glb
kenney retro-urban-kit wall-b-door,https://kenney.nl/assets/retro-urban-kit,CC0 1.0,N,GLB,Not stated,Stylized urban structural kit and city props.,Structural_Kit,/home/ubuntu/BOPLUX_assets/Structural_Kit/kenney_retro-urban-kit_wall-b-door.glb
kenney retro-urban-kit wall-b-flat-garage,https://kenney.nl/assets/retro-urban-kit,CC0 1.0,N,GLB,Not stated,Stylized urban structural kit and city props.,Structural_Kit,/home/ubuntu/BOPLUX_assets/Structural_Kit/kenney_retro-urban-kit_wall-b-flat-garage.glb
kenney retro-urban-kit wall-b-flat-window,https://kenney.nl/assets/retro-urban-kit,CC0 1.0,N,GLB,Not stated,Stylized urban structural kit and city props.,Structural_Kit,/home/ubuntu/BOPLUX_assets/Structural_Kit/kenney_retro-urban-kit_wall-b-flat-window.glb
kenney retro-urban-kit wall-b-flat,https://kenney.nl/assets/retro-urban-kit,CC0 1.0,N,GLB,Not stated,Stylized urban structural kit and city props.,Structural_Kit,/home/ubuntu/BOPLUX_assets/Structural_Kit/kenney_retro-urban-kit_wall-b-flat.glb
kenney retro-urban-kit wall-b-garage,https://kenney.nl/assets/retro-urban-kit,CC0 1.0,N,GLB,Not stated,Stylized urban structural kit and city props.,Structural_Kit,/home/ubuntu/BOPLUX_assets/Structural_Kit/kenney_retro-urban-kit_wall-b-garage.glb
kenney retro-urban-kit wall-b-low,https://kenney.nl/assets/retro-urban-kit,CC0 1.0,N,GLB,Not stated,Stylized urban structural kit and city props.,Structural_Kit,/home/ubuntu/BOPLUX_assets/Structural_Kit/kenney_retro-urban-kit_wall-b-low.glb
kenney retro-urban-kit wall-b-open,https://kenney.nl/assets/retro-urban-kit,CC0 1.0,N,GLB,Not stated,Stylized urban structural kit and city props.,Structural_Kit,/home/ubuntu/BOPLUX_assets/Structural_Kit/kenney_retro-urban-kit_wall-b-open.glb
kenney retro-urban-kit wall-b-roof-detailed,https://kenney.nl/assets/retro-urban-kit,CC0 1.0,N,GLB,Not stated,Stylized urban structural kit and city props.,Structural_Kit,/home/ubuntu/BOPLUX_assets/Structural_Kit/kenney_retro-urban-kit_wall-b-roof-detailed.glb
kenney retro-urban-kit wall-b-roof-slant-detailed,https://kenney.nl/assets/retro-urban-kit,CC0 1.0,N,GLB,Not stated,Stylized urban structural kit and city props.,Structural_Kit,/home/ubuntu/BOPLUX_assets/Structural_Kit/kenney_retro-urban-kit_wall-b-roof-slant-detailed.glb
kenney retro-urban-kit wall-b-roof-slant,https://kenney.nl/assets/retro-urban-kit,CC0 1.0,N,GLB,Not stated,Stylized urban structural kit and city props.,Structural_Kit,/home/ubuntu/BOPLUX_assets/Structural_Kit/kenney_retro-urban-kit_wall-b-roof-slant.glb
kenney retro-urban-kit wall-b-roof,https://kenney.nl/assets/retro-urban-kit,CC0 1.0,N,GLB,Not stated,Stylized urban structural kit and city props.,Structural_Kit,/home/ubuntu/BOPLUX_assets/Structural_Kit/kenney_retro-urban-kit_wall-b-roof.glb
kenney retro-urban-kit wall-b-window,https://kenney.nl/assets/retro-urban-kit,CC0 1.0,N,GLB,Not stated,Stylized urban structural kit and city props.,Structural_Kit,/home/ubuntu/BOPLUX_assets/Structural_Kit/kenney_retro-urban-kit_wall-b-window.glb
kenney retro-urban-kit wall-b,https://kenney.nl/assets/retro-urban-kit,CC0 1.0,N,GLB,Not stated,Stylized urban structural kit and city props.,Structural_Kit,/home/ubuntu/BOPLUX_assets/Structural_Kit/kenney_retro-urban-kit_wall-b.glb
kenney retro-urban-kit wall-broken-type-a,https://kenney.nl/assets/retro-urban-kit,CC0 1.0,N,GLB,Not stated,Stylized urban structural kit and city props.,Structural_Kit,/home/ubuntu/BOPLUX_assets/Structural_Kit/kenney_retro-urban-kit_wall-broken-type-a.glb
kenney retro-urban-kit wall-broken-type-b,https://kenney.nl/assets/retro-urban-kit,CC0 1.0,N,GLB,Not stated,Stylized urban structural kit and city props.,Structural_Kit,/home/ubuntu/BOPLUX_assets/Structural_Kit/kenney_retro-urban-kit_wall-broken-type-b.glb
kenney retro-urban-kit wall-c-flat-low,https://kenney.nl/assets/retro-urban-kit,CC0 1.0,N,GLB,Not stated,Stylized urban structural kit and city props.,Structural_Kit,/home/ubuntu/BOPLUX_assets/Structural_Kit/kenney_retro-urban-kit_wall-c-flat-low.glb
kenney retro-urban-kit wall-c-flat,https://kenney.nl/assets/retro-urban-kit,CC0 1.0,N,GLB,Not stated,Stylized urban structural kit and city props.,Structural_Kit,/home/ubuntu/BOPLUX_assets/Structural_Kit/kenney_retro-urban-kit_wall-c-flat.glb
kenney retro-urban-kit wall-fence,https://kenney.nl/assets/retro-urban-kit,CC0 1.0,N,GLB,Not stated,Stylized urban structural kit and city props.,Structural_Kit,/home/ubuntu/BOPLUX_assets/Structural_Kit/kenney_retro-urban-kit_wall-fence.glb
kenney retro-urban-kit wall-steps-type-a,https://kenney.nl/assets/retro-urban-kit,CC0 1.0,N,GLB,Not stated,Stylized urban structural kit and city props.,Structural_Kit,/home/ubuntu/BOPLUX_assets/Structural_Kit/kenney_retro-urban-kit_wall-steps-type-a.glb
kenney retro-urban-kit wall-steps-type-b,https://kenney.nl/assets/retro-urban-kit,CC0 1.0,N,GLB,Not stated,Stylized urban structural kit and city props.,Structural_Kit,/home/ubuntu/BOPLUX_assets/Structural_Kit/kenney_retro-urban-kit_wall-steps-type-b.glb
kenney retro-urban-kit wall-type-a,https://kenney.nl/assets/retro-urban-kit,CC0 1.0,N,GLB,Not stated,Stylized urban structural kit and city props.,Structural_Kit,/home/ubuntu/BOPLUX_assets/Structural_Kit/kenney_retro-urban-kit_wall-type-a.glb
kenney retro-urban-kit wall-type-b,https://kenney.nl/assets/retro-urban-kit,CC0 1.0,N,GLB,Not stated,Stylized urban structural kit and city props.,Structural_Kit,/home/ubuntu/BOPLUX_assets/Structural_Kit/kenney_retro-urban-kit_wall-type-b.glb
kenney retro-urban-kit window-small-type-a,https://kenney.nl/assets/retro-urban-kit,CC0 1.0,N,GLB,Not stated,Stylized urban structural kit and city props.,Structural_Kit,/home/ubuntu/BOPLUX_assets/Structural_Kit/kenney_retro-urban-kit_window-small-type-a.glb
kenney retro-urban-kit window-small-type-b,https://kenney.nl/assets/retro-urban-kit,CC0 1.0,N,GLB,Not stated,Stylized urban structural kit and city props.,Structural_Kit,/home/ubuntu/BOPLUX_assets/Structural_Kit/kenney_retro-urban-kit_window-small-type-b.glb
kenney retro-urban-kit window-wide-type-a,https://kenney.nl/assets/retro-urban-kit,CC0 1.0,N,GLB,Not stated,Stylized urban structural kit and city props.,Structural_Kit,/home/ubuntu/BOPLUX_assets/Structural_Kit/kenney_retro-urban-kit_window-wide-type-a.glb
kenney retro-urban-kit window-wide-type-b,https://kenney.nl/assets/retro-urban-kit,CC0 1.0,N,GLB,Not stated,Stylized urban structural kit and city props.,Structural_Kit,/home/ubuntu/BOPLUX_assets/Structural_Kit/kenney_retro-urban-kit_window-wide-type-b.glb
kenney retro-urban-kit window-wide-type-c,https://kenney.nl/assets/retro-urban-kit,CC0 1.0,N,GLB,Not stated,Stylized urban structural kit and city props.,Structural_Kit,/home/ubuntu/BOPLUX_assets/Structural_Kit/kenney_retro-urban-kit_window-wide-type-c.glb
kenney retro-urban-kit window-wide-type-d,https://kenney.nl/assets/retro-urban-kit,CC0 1.0,N,GLB,Not stated,Stylized urban structural kit and city props.,Structural_Kit,/home/ubuntu/BOPLUX_assets/Structural_Kit/kenney_retro-urban-kit_window-wide-type-d.glb
kenney retro-urban-kit balcony-ladder-bottom,https://kenney.nl/assets/retro-urban-kit,CC0 1.0,N,OBJ,Not stated,Stylized urban structural kit and city props.,Structural_Kit,/home/ubuntu/BOPLUX_assets/Structural_Kit/kenney_retro-urban-kit_balcony-ladder-bottom.obj
kenney retro-urban-kit balcony-ladder-top,https://kenney.nl/assets/retro-urban-kit,CC0 1.0,N,OBJ,Not stated,Stylized urban structural kit and city props.,Structural_Kit,/home/ubuntu/BOPLUX_assets/Structural_Kit/kenney_retro-urban-kit_balcony-ladder-top.obj
kenney retro-urban-kit balcony-type-a,https://kenney.nl/assets/retro-urban-kit,CC0 1.0,N,OBJ,Not stated,Stylized urban structural kit and city props.,Structural_Kit,/home/ubuntu/BOPLUX_assets/Structural_Kit/kenney_retro-urban-kit_balcony-type-a.obj
kenney retro-urban-kit cliff-corner,https://kenney.nl/assets/retro-urban-kit,CC0 1.0,N,OBJ,Not stated,Stylized urban structural kit and city props.,Rocks_Terrain,/home/ubuntu/BOPLUX_assets/Rocks_Terrain/kenney_retro-urban-kit_cliff-corner.obj
kenney retro-urban-kit cliff-side,https://kenney.nl/assets/retro-urban-kit,CC0 1.0,N,OBJ,Not stated,Stylized urban structural kit and city props.,Rocks_Terrain,/home/ubuntu/BOPLUX_assets/Rocks_Terrain/kenney_retro-urban-kit_cliff-side.obj
kenney retro-urban-kit detail-awning-small,https://kenney.nl/assets/retro-urban-kit,CC0 1.0,N,OBJ,Not stated,Stylized urban structural kit and city props.,Structural_Kit,/home/ubuntu/BOPLUX_assets/Structural_Kit/kenney_retro-urban-kit_detail-awning-small.obj
kenney retro-urban-kit detail-awning-wide,https://kenney.nl/assets/retro-urban-kit,CC0 1.0,N,OBJ,Not stated,Stylized urban structural kit and city props.,Structural_Kit,/home/ubuntu/BOPLUX_assets/Structural_Kit/kenney_retro-urban-kit_detail-awning-wide.obj
kenney retro-urban-kit detail-barrier-strong-damaged,https://kenney.nl/assets/retro-urban-kit,CC0 1.0,N,OBJ,Not stated,Stylized urban structural kit and city props.,Structural_Kit,/home/ubuntu/BOPLUX_assets/Structural_Kit/kenney_retro-urban-kit_detail-barrier-strong-damaged.obj
kenney retro-urban-kit detail-barrier-strong-type-a,https://kenney.nl/assets/retro-urban-kit,CC0 1.0,N,OBJ,Not stated,Stylized urban structural kit and city props.,Structural_Kit,/home/ubuntu/BOPLUX_assets/Structural_Kit/kenney_retro-urban-kit_detail-barrier-strong-type-a.obj
kenney retro-urban-kit detail-barrier-strong-type-b,https://kenney.nl/assets/retro-urban-kit,CC0 1.0,N,OBJ,Not stated,Stylized urban structural kit and city props.,Structural_Kit,/home/ubuntu/BOPLUX_assets/Structural_Kit/kenney_retro-urban-kit_detail-barrier-strong-type-b.obj
kenney retro-urban-kit detail-barrier-type-a,https://kenney.nl/assets/retro-urban-kit,CC0 1.0,N,OBJ,Not stated,Stylized urban structural kit and city props.,Structural_Kit,/home/ubuntu/BOPLUX_assets/Structural_Kit/kenney_retro-urban-kit_detail-barrier-type-a.obj
kenney retro-urban-kit detail-barrier-type-b,https://kenney.nl/assets/retro-urban-kit,CC0 1.0,N,OBJ,Not stated,Stylized urban structural kit and city props.,Structural_Kit,/home/ubuntu/BOPLUX_assets/Structural_Kit/kenney_retro-urban-kit_detail-barrier-type-b.obj
kenney retro-urban-kit detail-beam,https://kenney.nl/assets/retro-urban-kit,CC0 1.0,N,OBJ,Not stated,Stylized urban structural kit and city props.,Structural_Kit,/home/ubuntu/BOPLUX_assets/Structural_Kit/kenney_retro-urban-kit_detail-beam.obj
kenney retro-urban-kit detail-bench,https://kenney.nl/assets/retro-urban-kit,CC0 1.0,N,OBJ,Not stated,Stylized urban structural kit and city props.,Structural_Kit,/home/ubuntu/BOPLUX_assets/Structural_Kit/kenney_retro-urban-kit_detail-bench.obj
kenney retro-urban-kit detail-block,https://kenney.nl/assets/retro-urban-kit,CC0 1.0,N,OBJ,Not stated,Stylized urban structural kit and city props.,Structural_Kit,/home/ubuntu/BOPLUX_assets/Structural_Kit/kenney_retro-urban-kit_detail-block.obj
kenney retro-urban-kit detail-bricks-type-a,https://kenney.nl/assets/retro-urban-kit,CC0 1.0,N,OBJ,Not stated,Stylized urban structural kit and city props.,Structural_Kit,/home/ubuntu/BOPLUX_assets/Structural_Kit/kenney_retro-urban-kit_detail-bricks-type-a.obj
kenney retro-urban-kit detail-bricks-type-b,https://kenney.nl/assets/retro-urban-kit,CC0 1.0,N,OBJ,Not stated,Stylized urban structural kit and city props.,Structural_Kit,/home/ubuntu/BOPLUX_assets/Structural_Kit/kenney_retro-urban-kit_detail-bricks-type-b.obj
kenney retro-urban-kit detail-cables-type-a,https://kenney.nl/assets/retro-urban-kit,CC0 1.0,N,OBJ,Not stated,Stylized urban structural kit and city props.,Structural_Kit,/home/ubuntu/BOPLUX_assets/Structural_Kit/kenney_retro-urban-kit_detail-cables-type-a.obj
kenney retro-urban-kit detail-cables-type-b,https://kenney.nl/assets/retro-urban-kit,CC0 1.0,N,OBJ,Not stated,Stylized urban structural kit and city props.,Structural_Kit,/home/ubuntu/BOPLUX_assets/Structural_Kit/kenney_retro-urban-kit_detail-cables-type-b.obj
kenney retro-urban-kit detail-dumpster-closed,https://kenney.nl/assets/retro-urban-kit,CC0 1.0,N,OBJ,Not stated,Stylized urban structural kit and city props.,Structural_Kit,/home/ubuntu/BOPLUX_assets/Structural_Kit/kenney_retro-urban-kit_detail-dumpster-closed.obj
kenney retro-urban-kit detail-dumpster-open,https://kenney.nl/assets/retro-urban-kit,CC0 1.0,N,OBJ,Not stated,Stylized urban structural kit and city props.,Structural_Kit,/home/ubuntu/BOPLUX_assets/Structural_Kit/kenney_retro-urban-kit_detail-dumpster-open.obj
kenney retro-urban-kit detail-light-double,https://kenney.nl/assets/retro-urban-kit,CC0 1.0,N,OBJ,Not stated,Stylized urban structural kit and city props.,Structural_Kit,/home/ubuntu/BOPLUX_assets/Structural_Kit/kenney_retro-urban-kit_detail-light-double.obj
kenney retro-urban-kit detail-light-single,https://kenney.nl/assets/retro-urban-kit,CC0 1.0,N,OBJ,Not stated,Stylized urban structural kit and city props.,Structural_Kit,/home/ubuntu/BOPLUX_assets/Structural_Kit/kenney_retro-urban-kit_detail-light-single.obj
kenney retro-urban-kit detail-light-traffic,https://kenney.nl/assets/retro-urban-kit,CC0 1.0,N,OBJ,Not stated,Stylized urban structural kit and city props.,Structural_Kit,/home/ubuntu/BOPLUX_assets/Structural_Kit/kenney_retro-urban-kit_detail-light-traffic.obj
kenney retro-urban-kit door-type-a,https://kenney.nl/assets/retro-urban-kit,CC0 1.0,N,OBJ,Not stated,Stylized urban structural kit and city props.,Structural_Kit,/home/ubuntu/BOPLUX_assets/Structural_Kit/kenney_retro-urban-kit_door-type-a.obj
kenney retro-urban-kit door-type-b,https://kenney.nl/assets/retro-urban-kit,CC0 1.0,N,OBJ,Not stated,Stylized urban structural kit and city props.,Structural_Kit,/home/ubuntu/BOPLUX_assets/Structural_Kit/kenney_retro-urban-kit_door-type-b.obj
kenney retro-urban-kit grass-corner-inner,https://kenney.nl/assets/retro-urban-kit,CC0 1.0,N,OBJ,Not stated,Stylized urban structural kit and city props.,Vegetation,/home/ubuntu/BOPLUX_assets/Vegetation/kenney_retro-urban-kit_grass-corner-inner.obj
kenney retro-urban-kit grass-corner,https://kenney.nl/assets/retro-urban-kit,CC0 1.0,N,OBJ,Not stated,Stylized urban structural kit and city props.,Vegetation,/home/ubuntu/BOPLUX_assets/Vegetation/kenney_retro-urban-kit_grass-corner.obj
kenney retro-urban-kit grass-hill,https://kenney.nl/assets/retro-urban-kit,CC0 1.0,N,OBJ,Not stated,Stylized urban structural kit and city props.,Vegetation,/home/ubuntu/BOPLUX_assets/Vegetation/kenney_retro-urban-kit_grass-hill.obj
kenney retro-urban-kit grass,https://kenney.nl/assets/retro-urban-kit,CC0 1.0,N,OBJ,Not stated,Stylized urban structural kit and city props.,Vegetation,/home/ubuntu/BOPLUX_assets/Vegetation/kenney_retro-urban-kit_grass.obj
kenney retro-urban-kit pallet-small,https://kenney.nl/assets/retro-urban-kit,CC0 1.0,N,OBJ,Not stated,Stylized urban structural kit and city props.,Structural_Kit,/home/ubuntu/BOPLUX_assets/Structural_Kit/kenney_retro-urban-kit_pallet-small.obj
kenney retro-urban-kit pallet,https://kenney.nl/assets/retro-urban-kit,CC0 1.0,N,OBJ,Not stated,Stylized urban structural kit and city props.,Structural_Kit,/home/ubuntu/BOPLUX_assets/Structural_Kit/kenney_retro-urban-kit_pallet.obj
kenney retro-urban-kit planks,https://kenney.nl/assets/retro-urban-kit,CC0 1.0,N,OBJ,Not stated,Stylized urban structural kit and city props.,Structural_Kit,/home/ubuntu/BOPLUX_assets/Structural_Kit/kenney_retro-urban-kit_planks.obj
kenney retro-urban-kit road-asphalt-center,https://kenney.nl/assets/retro-urban-kit,CC0 1.0,N,OBJ,Not stated,Stylized urban structural kit and city props.,Structural_Kit,/home/ubuntu/BOPLUX_assets/Structural_Kit/kenney_retro-urban-kit_road-asphalt-center.obj
kenney retro-urban-kit road-asphalt-corner-inner,https://kenney.nl/assets/retro-urban-kit,CC0 1.0,N,OBJ,Not stated,Stylized urban structural kit and city props.,Structural_Kit,/home/ubuntu/BOPLUX_assets/Structural_Kit/kenney_retro-urban-kit_road-asphalt-corner-inner.obj
kenney retro-urban-kit road-asphalt-corner-outer,https://kenney.nl/assets/retro-urban-kit,CC0 1.0,N,OBJ,Not stated,Stylized urban structural kit and city props.,Structural_Kit,/home/ubuntu/BOPLUX_assets/Structural_Kit/kenney_retro-urban-kit_road-asphalt-corner-outer.obj
kenney retro-urban-kit road-asphalt-corner,https://kenney.nl/assets/retro-urban-kit,CC0 1.0,N,OBJ,Not stated,Stylized urban structural kit and city props.,Structural_Kit,/home/ubuntu/BOPLUX_assets/Structural_Kit/kenney_retro-urban-kit_road-asphalt-corner.obj
kenney retro-urban-kit road-asphalt-damaged,https://kenney.nl/assets/retro-urban-kit,CC0 1.0,N,OBJ,Not stated,Stylized urban structural kit and city props.,Structural_Kit,/home/ubuntu/BOPLUX_assets/Structural_Kit/kenney_retro-urban-kit_road-asphalt-damaged.obj
kenney retro-urban-kit road-asphalt-pavement,https://kenney.nl/assets/retro-urban-kit,CC0 1.0,N,OBJ,Not stated,Stylized urban structural kit and city props.,Structural_Kit,/home/ubuntu/BOPLUX_assets/Structural_Kit/kenney_retro-urban-kit_road-asphalt-pavement.obj
kenney retro-urban-kit road-asphalt-side,https://kenney.nl/assets/retro-urban-kit,CC0 1.0,N,OBJ,Not stated,Stylized urban structural kit and city props.,Structural_Kit,/home/ubuntu/BOPLUX_assets/Structural_Kit/kenney_retro-urban-kit_road-asphalt-side.obj
kenney retro-urban-kit road-asphalt-straight,https://kenney.nl/assets/retro-urban-kit,CC0 1.0,N,OBJ,Not stated,Stylized urban structural kit and city props.,Structural_Kit,/home/ubuntu/BOPLUX_assets/Structural_Kit/kenney_retro-urban-kit_road-asphalt-straight.obj
kenney retro-urban-kit road-dirt-center,https://kenney.nl/assets/retro-urban-kit,CC0 1.0,N,OBJ,Not stated,Stylized urban structural kit and city props.,Structural_Kit,/home/ubuntu/BOPLUX_assets/Structural_Kit/kenney_retro-urban-kit_road-dirt-center.obj
kenney retro-urban-kit road-dirt-corner-inner,https://kenney.nl/assets/retro-urban-kit,CC0 1.0,N,OBJ,Not stated,Stylized urban structural kit and city props.,Structural_Kit,/home/ubuntu/BOPLUX_assets/Structural_Kit/kenney_retro-urban-kit_road-dirt-corner-inner.obj
kenney retro-urban-kit road-dirt-corner-outer,https://kenney.nl/assets/retro-urban-kit,CC0 1.0,N,OBJ,Not stated,Stylized urban structural kit and city props.,Structural_Kit,/home/ubuntu/BOPLUX_assets/Structural_Kit/kenney_retro-urban-kit_road-dirt-corner-outer.obj
kenney retro-urban-kit road-dirt-corner,https://kenney.nl/assets/retro-urban-kit,CC0 1.0,N,OBJ,Not stated,Stylized urban structural kit and city props.,Structural_Kit,/home/ubuntu/BOPLUX_assets/Structural_Kit/kenney_retro-urban-kit_road-dirt-corner.obj
kenney retro-urban-kit road-dirt-damaged,https://kenney.nl/assets/retro-urban-kit,CC0 1.0,N,OBJ,Not stated,Stylized urban structural kit and city props.,Structural_Kit,/home/ubuntu/BOPLUX_assets/Structural_Kit/kenney_retro-urban-kit_road-dirt-damaged.obj
kenney retro-urban-kit road-dirt-pavement,https://kenney.nl/assets/retro-urban-kit,CC0 1.0,N,OBJ,Not stated,Stylized urban structural kit and city props.,Structural_Kit,/home/ubuntu/BOPLUX_assets/Structural_Kit/kenney_retro-urban-kit_road-dirt-pavement.obj
kenney retro-urban-kit road-dirt-side,https://kenney.nl/assets/retro-urban-kit,CC0 1.0,N,OBJ,Not stated,Stylized urban structural kit and city props.,Structural_Kit,/home/ubuntu/BOPLUX_assets/Structural_Kit/kenney_retro-urban-kit_road-dirt-side.obj
kenney retro-urban-kit road-dirt-straight,https://kenney.nl/assets/retro-urban-kit,CC0 1.0,N,OBJ,Not stated,Stylized urban structural kit and city props.,Structural_Kit,/home/ubuntu/BOPLUX_assets/Structural_Kit/kenney_retro-urban-kit_road-dirt-straight.obj
kenney retro-urban-kit road-dirt-tile,https://kenney.nl/assets/retro-urban-kit,CC0 1.0,N,OBJ,Not stated,Stylized urban structural kit and city props.,Structural_Kit,/home/ubuntu/BOPLUX_assets/Structural_Kit/kenney_retro-urban-kit_road-dirt-tile.obj
kenney retro-urban-kit roof-metal-poles,https://kenney.nl/assets/retro-urban-kit,CC0 1.0,N,OBJ,Not stated,Stylized urban structural kit and city props.,Structural_Kit,/home/ubuntu/BOPLUX_assets/Structural_Kit/kenney_retro-urban-kit_roof-metal-poles.obj
kenney retro-urban-kit roof-metal-type-a,https://kenney.nl/assets/retro-urban-kit,CC0 1.0,N,OBJ,Not stated,Stylized urban structural kit and city props.,Structural_Kit,/home/ubuntu/BOPLUX_assets/Structural_Kit/kenney_retro-urban-kit_roof-metal-type-a.obj
kenney retro-urban-kit roof-metal-type-b,https://kenney.nl/assets/retro-urban-kit,CC0 1.0,N,OBJ,Not stated,Stylized urban structural kit and city props.,Structural_Kit,/home/ubuntu/BOPLUX_assets/Structural_Kit/kenney_retro-urban-kit_roof-metal-type-b.obj
kenney retro-urban-kit scaffolding-floor,https://kenney.nl/assets/retro-urban-kit,CC0 1.0,N,OBJ,Not stated,Stylized urban structural kit and city props.,Structural_Kit,/home/ubuntu/BOPLUX_assets/Structural_Kit/kenney_retro-urban-kit_scaffolding-floor.obj
kenney retro-urban-kit scaffolding-poles,https://kenney.nl/assets/retro-urban-kit,CC0 1.0,N,OBJ,Not stated,Stylized urban structural kit and city props.,Structural_Kit,/home/ubuntu/BOPLUX_assets/Structural_Kit/kenney_retro-urban-kit_scaffolding-poles.obj
kenney retro-urban-kit scaffolding-structure,https://kenney.nl/assets/retro-urban-kit,CC0 1.0,N,OBJ,Not stated,Stylized urban structural kit and city props.,Structural_Kit,/home/ubuntu/BOPLUX_assets/Structural_Kit/kenney_retro-urban-kit_scaffolding-structure.obj
kenney retro-urban-kit tree-large,https://kenney.nl/assets/retro-urban-kit,CC0 1.0,N,OBJ,Not stated,Stylized urban structural kit and city props.,Vegetation,/home/ubuntu/BOPLUX_assets/Vegetation/kenney_retro-urban-kit_tree-large.obj
kenney retro-urban-kit tree-park-large,https://kenney.nl/assets/retro-urban-kit,CC0 1.0,N,OBJ,Not stated,Stylized urban structural kit and city props.,Vegetation,/home/ubuntu/BOPLUX_assets/Vegetation/kenney_retro-urban-kit_tree-park-large.obj
kenney retro-urban-kit tree-park-pine-large,https://kenney.nl/assets/retro-urban-kit,CC0 1.0,N,OBJ,Not stated,Stylized urban structural kit and city props.,Vegetation,/home/ubuntu/BOPLUX_assets/Vegetation/kenney_retro-urban-kit_tree-park-pine-large.obj
kenney retro-urban-kit tree-pine-large,https://kenney.nl/assets/retro-urban-kit,CC0 1.0,N,OBJ,Not stated,Stylized urban structural kit and city props.,Vegetation,/home/ubuntu/BOPLUX_assets/Vegetation/kenney_retro-urban-kit_tree-pine-large.obj
kenney retro-urban-kit tree-pine-small,https://kenney.nl/assets/retro-urban-kit,CC0 1.0,N,OBJ,Not stated,Stylized urban structural kit and city props.,Vegetation,/home/ubuntu/BOPLUX_assets/Vegetation/kenney_retro-urban-kit_tree-pine-small.obj
kenney retro-urban-kit tree-shrub,https://kenney.nl/assets/retro-urban-kit,CC0 1.0,N,OBJ,Not stated,Stylized urban structural kit and city props.,Vegetation,/home/ubuntu/BOPLUX_assets/Vegetation/kenney_retro-urban-kit_tree-shrub.obj
kenney retro-urban-kit tree-small,https://kenney.nl/assets/retro-urban-kit,CC0 1.0,N,OBJ,Not stated,Stylized urban structural kit and city props.,Vegetation,/home/ubuntu/BOPLUX_assets/Vegetation/kenney_retro-urban-kit_tree-small.obj
kenney retro-urban-kit truck-flat,https://kenney.nl/assets/retro-urban-kit,CC0 1.0,N,OBJ,Not stated,Stylized urban structural kit and city props.,Structural_Kit,/home/ubuntu/BOPLUX_assets/Structural_Kit/kenney_retro-urban-kit_truck-flat.obj
kenney retro-urban-kit truck-green-cargo,https://kenney.nl/assets/retro-urban-kit,CC0 1.0,N,OBJ,Not stated,Stylized urban structural kit and city props.,Structural_Kit,/home/ubuntu/BOPLUX_assets/Structural_Kit/kenney_retro-urban-kit_truck-green-cargo.obj
kenney retro-urban-kit truck-green,https://kenney.nl/assets/retro-urban-kit,CC0 1.0,N,OBJ,Not stated,Stylized urban structural kit and city props.,Structural_Kit,/home/ubuntu/BOPLUX_assets/Structural_Kit/kenney_retro-urban-kit_truck-green.obj
kenney retro-urban-kit truck-grey-cargo,https://kenney.nl/assets/retro-urban-kit,CC0 1.0,N,OBJ,Not stated,Stylized urban structural kit and city props.,Structural_Kit,/home/ubuntu/BOPLUX_assets/Structural_Kit/kenney_retro-urban-kit_truck-grey-cargo.obj
kenney retro-urban-kit truck-grey,https://kenney.nl/assets/retro-urban-kit,CC0 1.0,N,OBJ,Not stated,Stylized urban structural kit and city props.,Structural_Kit,/home/ubuntu/BOPLUX_assets/Structural_Kit/kenney_retro-urban-kit_truck-grey.obj
kenney retro-urban-kit wall-a-column-painted,https://kenney.nl/assets/retro-urban-kit,CC0 1.0,N,OBJ,Not stated,Stylized urban structural kit and city props.,Structural_Kit,/home/ubuntu/BOPLUX_assets/Structural_Kit/kenney_retro-urban-kit_wall-a-column-painted.obj
kenney retro-urban-kit wall-a-column,https://kenney.nl/assets/retro-urban-kit,CC0 1.0,N,OBJ,Not stated,Stylized urban structural kit and city props.,Structural_Kit,/home/ubuntu/BOPLUX_assets/Structural_Kit/kenney_retro-urban-kit_wall-a-column.obj
kenney retro-urban-kit wall-a-corner-painted,https://kenney.nl/assets/retro-urban-kit,CC0 1.0,N,OBJ,Not stated,Stylized urban structural kit and city props.,Structural_Kit,/home/ubuntu/BOPLUX_assets/Structural_Kit/kenney_retro-urban-kit_wall-a-corner-painted.obj
kenney retro-urban-kit wall-a-corner,https://kenney.nl/assets/retro-urban-kit,CC0 1.0,N,OBJ,Not stated,Stylized urban structural kit and city props.,Structural_Kit,/home/ubuntu/BOPLUX_assets/Structural_Kit/kenney_retro-urban-kit_wall-a-corner.obj
kenney retro-urban-kit wall-a-detail-painted,https://kenney.nl/assets/retro-urban-kit,CC0 1.0,N,OBJ,Not stated,Stylized urban structural kit and city props.,Structural_Kit,/home/ubuntu/BOPLUX_assets/Structural_Kit/kenney_retro-urban-kit_wall-a-detail-painted.obj
kenney retro-urban-kit wall-a-detail,https://kenney.nl/assets/retro-urban-kit,CC0 1.0,N,OBJ,Not stated,Stylized urban structural kit and city props.,Structural_Kit,/home/ubuntu/BOPLUX_assets/Structural_Kit/kenney_retro-urban-kit_wall-a-detail.obj
kenney retro-urban-kit wall-a-diagonal,https://kenney.nl/assets/retro-urban-kit,CC0 1.0,N,OBJ,Not stated,Stylized urban structural kit and city props.,Structural_Kit,/home/ubuntu/BOPLUX_assets/Structural_Kit/kenney_retro-urban-kit_wall-a-diagonal.obj
kenney retro-urban-kit wall-a-door,https://kenney.nl/assets/retro-urban-kit,CC0 1.0,N,OBJ,Not stated,Stylized urban structural kit and city props.,Structural_Kit,/home/ubuntu/BOPLUX_assets/Structural_Kit/kenney_retro-urban-kit_wall-a-door.obj
kenney retro-urban-kit wall-a-flat-garage,https://kenney.nl/assets/retro-urban-kit,CC0 1.0,N,OBJ,Not stated,Stylized urban structural kit and city props.,Structural_Kit,/home/ubuntu/BOPLUX_assets/Structural_Kit/kenney_retro-urban-kit_wall-a-flat-garage.obj
kenney retro-urban-kit wall-a-flat-painted,https://kenney.nl/assets/retro-urban-kit,CC0 1.0,N,OBJ,Not stated,Stylized urban structural kit and city props.,Structural_Kit,/home/ubuntu/BOPLUX_assets/Structural_Kit/kenney_retro-urban-kit_wall-a-flat-painted.obj
kenney retro-urban-kit wall-a-flat-window,https://kenney.nl/assets/retro-urban-kit,CC0 1.0,N,OBJ,Not stated,Stylized urban structural kit and city props.,Structural_Kit,/home/ubuntu/BOPLUX_assets/Structural_Kit/kenney_retro-urban-kit_wall-a-flat-window.obj
kenney retro-urban-kit wall-a-flat,https://kenney.nl/assets/retro-urban-kit,CC0 1.0,N,OBJ,Not stated,Stylized urban structural kit and city props.,Structural_Kit,/home/ubuntu/BOPLUX_assets/Structural_Kit/kenney_retro-urban-kit_wall-a-flat.obj
kenney retro-urban-kit wall-a-garage,https://kenney.nl/assets/retro-urban-kit,CC0 1.0,N,OBJ,Not stated,Stylized urban structural kit and city props.,Structural_Kit,/home/ubuntu/BOPLUX_assets/Structural_Kit/kenney_retro-urban-kit_wall-a-garage.obj
kenney retro-urban-kit wall-a-low-painted,https://kenney.nl/assets/retro-urban-kit,CC0 1.0,N,OBJ,Not stated,Stylized urban structural kit and city props.,Structural_Kit,/home/ubuntu/BOPLUX_assets/Structural_Kit/kenney_retro-urban-kit_wall-a-low-painted.obj
kenney retro-urban-kit wall-a-low,https://kenney.nl/assets/retro-urban-kit,CC0 1.0,N,OBJ,Not stated,Stylized urban structural kit and city props.,Structural_Kit,/home/ubuntu/BOPLUX_assets/Structural_Kit/kenney_retro-urban-kit_wall-a-low.obj
kenney retro-urban-kit wall-a-open,https://kenney.nl/assets/retro-urban-kit,CC0 1.0,N,OBJ,Not stated,Stylized urban structural kit and city props.,Structural_Kit,/home/ubuntu/BOPLUX_assets/Structural_Kit/kenney_retro-urban-kit_wall-a-open.obj
kenney retro-urban-kit wall-a-painted-diagonal,https://kenney.nl/assets/retro-urban-kit,CC0 1.0,N,OBJ,Not stated,Stylized urban structural kit and city props.,Structural_Kit,/home/ubuntu/BOPLUX_assets/Structural_Kit/kenney_retro-urban-kit_wall-a-painted-diagonal.obj
kenney retro-urban-kit wall-a-painted,https://kenney.nl/assets/retro-urban-kit,CC0 1.0,N,OBJ,Not stated,Stylized urban structural kit and city props.,Structural_Kit,/home/ubuntu/BOPLUX_assets/Structural_Kit/kenney_retro-urban-kit_wall-a-painted.obj
kenney retro-urban-kit wall-a-roof-detailed,https://kenney.nl/assets/retro-urban-kit,CC0 1.0,N,OBJ,Not stated,Stylized urban structural kit and city props.,Structural_Kit,/home/ubuntu/BOPLUX_assets/Structural_Kit/kenney_retro-urban-kit_wall-a-roof-detailed.obj
kenney retro-urban-kit wall-a-roof-slant-detailed,https://kenney.nl/assets/retro-urban-kit,CC0 1.0,N,OBJ,Not stated,Stylized urban structural kit and city props.,Structural_Kit,/home/ubuntu/BOPLUX_assets/Structural_Kit/kenney_retro-urban-kit_wall-a-roof-slant-detailed.obj
kenney retro-urban-kit wall-a-roof-slant,https://kenney.nl/assets/retro-urban-kit,CC0 1.0,N,OBJ,Not stated,Stylized urban structural kit and city props.,Structural_Kit,/home/ubuntu/BOPLUX_assets/Structural_Kit/kenney_retro-urban-kit_wall-a-roof-slant.obj
kenney retro-urban-kit wall-a-roof,https://kenney.nl/assets/retro-urban-kit,CC0 1.0,N,OBJ,Not stated,Stylized urban structural kit and city props.,Structural_Kit,/home/ubuntu/BOPLUX_assets/Structural_Kit/kenney_retro-urban-kit_wall-a-roof.obj
kenney retro-urban-kit wall-a-window,https://kenney.nl/assets/retro-urban-kit,CC0 1.0,N,OBJ,Not stated,Stylized urban structural kit and city props.,Structural_Kit,/home/ubuntu/BOPLUX_assets/Structural_Kit/kenney_retro-urban-kit_wall-a-window.obj
kenney retro-urban-kit wall-a,https://kenney.nl/assets/retro-urban-kit,CC0 1.0,N,OBJ,Not stated,Stylized urban structural kit and city props.,Structural_Kit,/home/ubuntu/BOPLUX_assets/Structural_Kit/kenney_retro-urban-kit_wall-a.obj
kenney retro-urban-kit wall-b-column,https://kenney.nl/assets/retro-urban-kit,CC0 1.0,N,OBJ,Not stated,Stylized urban structural kit and city props.,Structural_Kit,/home/ubuntu/BOPLUX_assets/Structural_Kit/kenney_retro-urban-kit_wall-b-column.obj
kenney retro-urban-kit wall-b-corner,https://kenney.nl/assets/retro-urban-kit,CC0 1.0,N,OBJ,Not stated,Stylized urban structural kit and city props.,Structural_Kit,/home/ubuntu/BOPLUX_assets/Structural_Kit/kenney_retro-urban-kit_wall-b-corner.obj
kenney retro-urban-kit wall-b-detail-painted,https://kenney.nl/assets/retro-urban-kit,CC0 1.0,N,OBJ,Not stated,Stylized urban structural kit and city props.,Structural_Kit,/home/ubuntu/BOPLUX_assets/Structural_Kit/kenney_retro-urban-kit_wall-b-detail-painted.obj
kenney retro-urban-kit wall-b-diagonal,https://kenney.nl/assets/retro-urban-kit,CC0 1.0,N,OBJ,Not stated,Stylized urban structural kit and city props.,Structural_Kit,/home/ubuntu/BOPLUX_assets/Structural_Kit/kenney_retro-urban-kit_wall-b-diagonal.obj
kenney retro-urban-kit wall-b-door,https://kenney.nl/assets/retro-urban-kit,CC0 1.0,N,OBJ,Not stated,Stylized urban structural kit and city props.,Structural_Kit,/home/ubuntu/BOPLUX_assets/Structural_Kit/kenney_retro-urban-kit_wall-b-door.obj
kenney retro-urban-kit wall-b-flat-garage,https://kenney.nl/assets/retro-urban-kit,CC0 1.0,N,OBJ,Not stated,Stylized urban structural kit and city props.,Structural_Kit,/home/ubuntu/BOPLUX_assets/Structural_Kit/kenney_retro-urban-kit_wall-b-flat-garage.obj
kenney retro-urban-kit wall-b-flat-window,https://kenney.nl/assets/retro-urban-kit,CC0 1.0,N,OBJ,Not stated,Stylized urban structural kit and city props.,Structural_Kit,/home/ubuntu/BOPLUX_assets/Structural_Kit/kenney_retro-urban-kit_wall-b-flat-window.obj
kenney retro-urban-kit wall-b-flat,https://kenney.nl/assets/retro-urban-kit,CC0 1.0,N,OBJ,Not stated,Stylized urban structural kit and city props.,Structural_Kit,/home/ubuntu/BOPLUX_assets/Structural_Kit/kenney_retro-urban-kit_wall-b-flat.obj
kenney retro-urban-kit wall-b-garage,https://kenney.nl/assets/retro-urban-kit,CC0 1.0,N,OBJ,Not stated,Stylized urban structural kit and city props.,Structural_Kit,/home/ubuntu/BOPLUX_assets/Structural_Kit/kenney_retro-urban-kit_wall-b-garage.obj
kenney retro-urban-kit wall-b-low,https://kenney.nl/assets/retro-urban-kit,CC0 1.0,N,OBJ,Not stated,Stylized urban structural kit and city props.,Structural_Kit,/home/ubuntu/BOPLUX_assets/Structural_Kit/kenney_retro-urban-kit_wall-b-low.obj
kenney retro-urban-kit wall-b-open,https://kenney.nl/assets/retro-urban-kit,CC0 1.0,N,OBJ,Not stated,Stylized urban structural kit and city props.,Structural_Kit,/home/ubuntu/BOPLUX_assets/Structural_Kit/kenney_retro-urban-kit_wall-b-open.obj
kenney retro-urban-kit wall-b-roof-detailed,https://kenney.nl/assets/retro-urban-kit,CC0 1.0,N,OBJ,Not stated,Stylized urban structural kit and city props.,Structural_Kit,/home/ubuntu/BOPLUX_assets/Structural_Kit/kenney_retro-urban-kit_wall-b-roof-detailed.obj
kenney retro-urban-kit wall-b-roof-slant-detailed,https://kenney.nl/assets/retro-urban-kit,CC0 1.0,N,OBJ,Not stated,Stylized urban structural kit and city props.,Structural_Kit,/home/ubuntu/BOPLUX_assets/Structural_Kit/kenney_retro-urban-kit_wall-b-roof-slant-detailed.obj
kenney retro-urban-kit wall-b-roof-slant,https://kenney.nl/assets/retro-urban-kit,CC0 1.0,N,OBJ,Not stated,Stylized urban structural kit and city props.,Structural_Kit,/home/ubuntu/BOPLUX_assets/Structural_Kit/kenney_retro-urban-kit_wall-b-roof-slant.obj
kenney retro-urban-kit wall-b-roof,https://kenney.nl/assets/retro-urban-kit,CC0 1.0,N,OBJ,Not stated,Stylized urban structural kit and city props.,Structural_Kit,/home/ubuntu/BOPLUX_assets/Structural_Kit/kenney_retro-urban-kit_wall-b-roof.obj
kenney retro-urban-kit wall-b-window,https://kenney.nl/assets/retro-urban-kit,CC0 1.0,N,OBJ,Not stated,Stylized urban structural kit and city props.,Structural_Kit,/home/ubuntu/BOPLUX_assets/Structural_Kit/kenney_retro-urban-kit_wall-b-window.obj
kenney retro-urban-kit wall-b,https://kenney.nl/assets/retro-urban-kit,CC0 1.0,N,OBJ,Not stated,Stylized urban structural kit and city props.,Structural_Kit,/home/ubuntu/BOPLUX_assets/Structural_Kit/kenney_retro-urban-kit_wall-b.obj
kenney retro-urban-kit wall-broken-type-a,https://kenney.nl/assets/retro-urban-kit,CC0 1.0,N,OBJ,Not stated,Stylized urban structural kit and city props.,Structural_Kit,/home/ubuntu/BOPLUX_assets/Structural_Kit/kenney_retro-urban-kit_wall-broken-type-a.obj
kenney retro-urban-kit wall-broken-type-b,https://kenney.nl/assets/retro-urban-kit,CC0 1.0,N,OBJ,Not stated,Stylized urban structural kit and city props.,Structural_Kit,/home/ubuntu/BOPLUX_assets/Structural_Kit/kenney_retro-urban-kit_wall-broken-type-b.obj
kenney retro-urban-kit wall-c-flat-low,https://kenney.nl/assets/retro-urban-kit,CC0 1.0,N,OBJ,Not stated,Stylized urban structural kit and city props.,Structural_Kit,/home/ubuntu/BOPLUX_assets/Structural_Kit/kenney_retro-urban-kit_wall-c-flat-low.obj
kenney retro-urban-kit wall-c-flat,https://kenney.nl/assets/retro-urban-kit,CC0 1.0,N,OBJ,Not stated,Stylized urban structural kit and city props.,Structural_Kit,/home/ubuntu/BOPLUX_assets/Structural_Kit/kenney_retro-urban-kit_wall-c-flat.obj
kenney retro-urban-kit wall-fence,https://kenney.nl/assets/retro-urban-kit,CC0 1.0,N,OBJ,Not stated,Stylized urban structural kit and city props.,Structural_Kit,/home/ubuntu/BOPLUX_assets/Structural_Kit/kenney_retro-urban-kit_wall-fence.obj
kenney retro-urban-kit wall-steps-type-a,https://kenney.nl/assets/retro-urban-kit,CC0 1.0,N,OBJ,Not stated,Stylized urban structural kit and city props.,Structural_Kit,/home/ubuntu/BOPLUX_assets/Structural_Kit/kenney_retro-urban-kit_wall-steps-type-a.obj
kenney retro-urban-kit wall-steps-type-b,https://kenney.nl/assets/retro-urban-kit,CC0 1.0,N,OBJ,Not stated,Stylized urban structural kit and city props.,Structural_Kit,/home/ubuntu/BOPLUX_assets/Structural_Kit/kenney_retro-urban-kit_wall-steps-type-b.obj
kenney retro-urban-kit wall-type-a,https://kenney.nl/assets/retro-urban-kit,CC0 1.0,N,OBJ,Not stated,Stylized urban structural kit and city props.,Structural_Kit,/home/ubuntu/BOPLUX_assets/Structural_Kit/kenney_retro-urban-kit_wall-type-a.obj
kenney retro-urban-kit wall-type-b,https://kenney.nl/assets/retro-urban-kit,CC0 1.0,N,OBJ,Not stated,Stylized urban structural kit and city props.,Structural_Kit,/home/ubuntu/BOPLUX_assets/Structural_Kit/kenney_retro-urban-kit_wall-type-b.obj
kenney retro-urban-kit window-small-type-a,https://kenney.nl/assets/retro-urban-kit,CC0 1.0,N,OBJ,Not stated,Stylized urban structural kit and city props.,Structural_Kit,/home/ubuntu/BOPLUX_assets/Structural_Kit/kenney_retro-urban-kit_window-small-type-a.obj
kenney retro-urban-kit window-small-type-b,https://kenney.nl/assets/retro-urban-kit,CC0 1.0,N,OBJ,Not stated,Stylized urban structural kit and city props.,Structural_Kit,/home/ubuntu/BOPLUX_assets/Structural_Kit/kenney_retro-urban-kit_window-small-type-b.obj
kenney retro-urban-kit window-wide-type-a,https://kenney.nl/assets/retro-urban-kit,CC0 1.0,N,OBJ,Not stated,Stylized urban structural kit and city props.,Structural_Kit,/home/ubuntu/BOPLUX_assets/Structural_Kit/kenney_retro-urban-kit_window-wide-type-a.obj
kenney retro-urban-kit window-wide-type-b,https://kenney.nl/assets/retro-urban-kit,CC0 1.0,N,OBJ,Not stated,Stylized urban structural kit and city props.,Structural_Kit,/home/ubuntu/BOPLUX_assets/Structural_Kit/kenney_retro-urban-kit_window-wide-type-b.obj
kenney retro-urban-kit window-wide-type-c,https://kenney.nl/assets/retro-urban-kit,CC0 1.0,N,OBJ,Not stated,Stylized urban structural kit and city props.,Structural_Kit,/home/ubuntu/BOPLUX_assets/Structural_Kit/kenney_retro-urban-kit_window-wide-type-c.obj
kenney retro-urban-kit window-wide-type-d,https://kenney.nl/assets/retro-urban-kit,CC0 1.0,N,OBJ,Not stated,Stylized urban structural kit and city props.,Structural_Kit,/home/ubuntu/BOPLUX_assets/Structural_Kit/kenney_retro-urban-kit_window-wide-type-d.obj
ArmChair 01,https://polyhaven.com/a/ArmChair_01,CC0 1.0,N,GLTF,5626,"Free (CC0) vintage Victorian armchair 3D model - varnished carved wood frame, upholstered seat; gothic/classic styling ideal for interiors, period scenes, and renders.",Furniture,/home/ubuntu/BOPLUX_assets/Furniture/polyhaven_ArmChair_01/ArmChair_01.gltf
Barrel 01,https://polyhaven.com/a/Barrel_01,CC0 1.0,N,GLTF,2682,"Free worn red metal oil drum with explosive hazard marking - realistic, scratched, rusty industrial barrel ideal for games, VFX, and environment scenes.",Crates_Barrels_Clutter,/home/ubuntu/BOPLUX_assets/Crates_Barrels_Clutter/polyhaven_Barrel_01/Barrel_01.gltf
WoodenTable 01,https://polyhaven.com/a/WoodenTable_01,CC0 1.0,N,GLTF,952,"Free 4K model: vintage wooden coffee table with warm worn patina, visible grain, rounded corners, stretcher base and scuffed edges.",Furniture,/home/ubuntu/BOPLUX_assets/Furniture/polyhaven_WoodenTable_01/WoodenTable_01.gltf
Lantern 01,https://polyhaven.com/a/Lantern_01,CC0 1.0,N,GLTF,33902,"Free 4K model of an antique brass/bronze hurricane lantern with textured glass globe, worn patina, metal handle and detailed rivets for vintage character.",Furniture,/home/ubuntu/BOPLUX_assets/Furniture/polyhaven_Lantern_01/Lantern_01.gltf
adjustable wrench,https://polyhaven.com/a/adjustable_wrench,CC0 1.0,N,GLTF,5390,"Free 8K model of a vintage adjustable wrench: heavy steel jaws, knurled adjuster, sharp teeth, with a scuffed metal frame and a worn wooden handle.",Furniture,/home/ubuntu/BOPLUX_assets/Furniture/polyhaven_adjustable_wrench/adjustable_wrench.gltf
